gml_id;dist_m;x;y
id001ad754-74d5-40ad-b8fc-38e05496334d;36,50207366;683917,75;7660256,64
id00aa97c6-0e31-444a-8622-21b35e97d451;382,633892;659242;7672797
id00cc0635-415e-4e60-9671-37cb1c37834f;16,68493307;632854;7683365
id0103d11d-c658-44e8-8981-e89d8c3e5fad;56,5382817;682015;7662400
id0137833a-accd-4889-854e-260a2659fe3c;24,82799686;632961;7677023
id016e7edb-f252-4aef-b8ae-543f9196e57a;48,10908908;681849;7662489
id017a67ae-c157-4599-aa91-ce2e04b4d812;36,03583824;683841;7663299
id01d7f9fa-17a5-40b6-a7be-0d92bbc670cb;60,44729096;647691;7658867
id02cbecc6-6f3c-47bf-bc04-790a8380e287;23,9019682;645783;7686852
id0306c1c6-81ad-4be3-91e3-e2f8384782c1;71,58438318;654223;7661948
id034c34d3-ace4-4a46-abed-8a5140ad52e5;20,38252268;647770;7667751
id03a233ca-5557-443e-9884-b27ea79b615b;20,4005796;648299;7667485
id03bba6cc-2e42-4d57-b333-979f4e2290d9;85,54049473;645403;7686915
id0519effc-b37c-4442-80a3-b03e8518b9a6;531,0571973;633152;7676443
id05a68592-3d8b-45ae-9945-c7f62831ebeb;54,98802245;643816;7672638
id061eb336-19e4-46f1-a355-b60d5aa4651f;77,34398514;637261;7675928
id06333d63-39e4-4a7e-9e8f-04338a8c4ad8;38,17214604;686723;7660382
id06b5c620-90c9-433d-a2ed-84f2f8af364e;26,00515947;639758,49;7692215,07
id06d2e230-0817-4173-ac1b-75bef11d9c90;14,18595425;648099,731;7667978,342
id070055ac-ddb4-4dbb-8eb3-23cff5431848;14,4335176;648250,203;7667322,984
id074a6fbc-c0c9-4709-bb4e-86fec656b7d7;685,3723433;641181;7696270
id07a9ef83-d6d3-4828-aa47-7c61fcedf754;23,62439197;648178,9234;7667353,193
id07cb3a56-e979-449a-a52a-6bd2e7d895dd;1328,999453;655372;7664324
id07cef2b6-0f35-459e-a0f4-2f5fdc5c24d2;939,3896939;640775;7696917
id07ea0b28-d35d-497b-9987-df98e2eddd9b;78,78469973;654203;7661653
id0803a052-a562-4866-858f-3e8f903bb90c;12,17499768;651594,908;7663061,515
id082ff095-6a95-4e2d-9f87-d90ddcf59afd;30,07452672;647802,603;7667789,401
id0831c771-7f27-434e-a9a0-32626dd46147;2829,179132;630191;7677478
id083555df-c484-4c3a-9da0-90f95894d93b;20,96729764;647769,11;7667447,43
id085acac1-eb8f-465e-8e30-428b10cd160a;16,01675635;640517;7679435
id088ad64f-9334-49b7-a992-733ce898cd1e;16,27675615;650168,83;7671904,53
id08ac8884-42bf-47ce-8431-e27057f4f0cc;22,6163909;686846,572;7660406,65
id08b5ca5a-306c-4878-b31c-a70fb32754e2;28,11135612;673845;7664575
id08dfab2d-585b-4285-9948-017354cde886;240,9152265;658538,059;7663306,47
id094dd0bd-003e-45b6-a66a-d52f72d725ec;16,81008525;647979,52;7667668,24
id09bf0122-5853-4248-838f-82e7ab80ee6f;21,06200399;648011,396;7667332,227
id09ff23da-228c-411c-9701-a0518abc892c;32,44016058;645619;7689341
id0a5f83e3-0354-4ca5-b12b-bc5dd3cf96a0;187,7083563;647848;7654851
id0a76b399-c37a-4ce8-b5d7-4ccd83324ba5;3304,264037;673534,438;7657658,234
id0a8eb990-3a49-4520-baa2-8bdb7944f424;21,42335167;663630;7670140
id0a8f28aa-acd1-4f72-afe0-5404aff366ca;85,88180365;681720;7652302
id0ae8bf39-9dde-4295-bfa5-0cea3e1caf1b;334,7258624;633318;7678324
id0b0807bc-897c-41ae-b8b3-49ac724f8004;7,833933234;663778,807;7659299,896
id0b21e6d3-bb20-4887-aa27-1ad0eb241114;20,63524877;678642,8129;7660820,759
id0b89dd73-1aac-4b20-a83a-39741d135e41;94,47494578;683266;7661435
id0c0847a2-25ad-4196-a167-2af164cb9096;47,2116495;640187;7698210
id0c088e8e-7ff8-45e3-865d-ff348d69b6db;69,87886963;636168;7678273
id0c0d30a5-02b8-4db1-8e5a-836ebc3b5407;279,8243745;645502;7673697
id0c5d5227-1084-4dd7-bb1d-eb09e90bb186;15,0129602;647825,85;7667855,32
id0c6e754f-b934-4fa8-83c7-503f5a78d98a;73,93601195;640555;7669200
id0c85b156-fd1d-4723-99d0-21e9bdbd1a2a;337,046924;645719;7676768
id0c95c6e8-e281-4bc3-a3e3-eb807c090220;8,575616949;664368;7669522
id0cd7edb3-65c9-437c-bf80-24754978bd40;12,35392494;639731;7693058
id0cdf3770-e776-40d5-b4e5-70a3504368a6;28,00888189;681758,307;7662519,508
id0cdf9873-e57b-4369-ad47-667a5085f8b3;12,10191471;648150,9529;7667897,603
id0d1f3b2e-cfc1-43bf-abb4-613d42314161;20,56812022;647867,18;7667346,32
id0d60ca4f-6ffd-4cf4-a1e8-614470cba3f2;1956,486398;663135,534;7640544,613
id0d652a17-e236-4464-b249-1fbb2eec28b7;38,83929248;685182;7659024
id0d9aa60f-9dbd-4eaf-a3a3-ae796986ffcd;12,48727779;648059,674;7667412,495
id0db53119-4b0f-465a-893d-7417bafc08c3;20,64342855;638840;7684778
id0dbf54af-36b7-4ea3-a1f8-d467870fe815;35,9716588;680234;7663511
id0e926711-dc3e-49b6-9801-5e48f1143189;60,68868748;681279;7662774
id0eb7315b-e151-4f9d-b021-f9da7d1771a2;14,17997997;678951;7658336
id0ee104ee-a740-44b7-ad16-82c2dec5af45;19,30389104;683847;7663326
id0ee5e9b9-19d3-4a85-9959-f5b4a57a7379;16,92379082;647976,03;7667454,28
id0f4ce876-f8f5-4b0f-ab55-c86074cbe42e;3096,46396;673194;7658190
id101fa6b2-a8c6-4666-b535-b3b712e585cb;11,470052;647906,2;7667803,84
id10369716-4523-4be7-99f9-c4ff6bae5236;579,2351854;637889,665;7662167,281
id10aa75c6-f722-4766-b42d-40e78458aa50;41,99279343;638740,85;7680441,05
id10de022b-6287-4206-b2f9-93573814e8ad;53,15645806;639773,365;7693485,189
id10e2b8e2-03c9-42aa-b416-39f74453d306;37,90200003;664996;7669678
id10edb917-efc7-4c3d-a2f0-db698f5500d6;45,07445727;640205;7698186
id11464ce2-3649-4b57-b78e-cbf891bf48b5;21,76082244;686813;7660861
id1159e283-559c-4383-89fc-5469d469d618;16,28855985;647773,97;7667623,07
id11763e46-3523-4848-af32-ffe4cd194efc;19,55832876;681778;7651788
id118ae1c4-6a98-4de6-a549-3a24575a8a6c;116,6705979;681515;7651472
id1214a381-4aed-4779-8d46-e39023c722b5;387,6830884;654424,391;7664197,403
id12c80d91-687c-4533-bf3a-0a81554a8b7b;585,9418655;647283,8;7668070,59
id13586416-58d4-4c9b-a020-9513b8aab7fc;1407,156507;655453;7664320
id139a3fa9-6697-4a5a-8825-f7701598709e;30,37331473;648199;7667337
id13a03a6e-5f94-4c99-bda5-fdddb05f2b3c;97,51075446;645366,91;7679248,618
id13a6838e-fdbf-496a-9334-07568239749b;41,65906189;646092,203;7675590,432
id13b03378-b1c7-42e3-ba22-05d6c10e4f3c;21,2710751;637569;7685509
id13bbb71a-ff7b-4380-8c4b-6260afe8216d;13,12153116;648092,205;7667308,744
id142b3c12-cc6b-4331-adfd-ecf949d13599;13,71920793;639418;7694881
id14948aa8-1288-4837-9f8b-7a70977b2552;47,90245897;644306;7659219
id14989f96-e994-4b08-bdc2-20bccc5dc78c;33,21634676;656296;7647061
id14e64e83-3687-4d0c-b117-0daa45d639f6;327,5423047;645371;7679586
id155cd655-5364-4a5d-a3e5-3bb6c783fe41;31,97117623;639782;7692052
id15884d26-00b0-432c-80a0-a98c6ebf6074;286,0412648;646174,489;7675923,373
id15e89615-18ad-4ef7-a042-976355d984a6;34,65452932;636374,55;7684783,83
id161af324-0f4b-4a7d-a5e3-61416856e1fe;16,60500479;645815;7687360
id16d7f774-1370-4696-b372-75e3674f9098;12,32274403;686665;7660235
id17277e74-19d9-4486-83fd-4de49b9837e8;106,6539825;648462,39;7657078,38
id184c15a3-7a8b-4a31-91f0-7eeb54fb88c8;458,0503735;637703;7662424
id185122f7-c6dd-49c2-a4a5-8599c049c35b;32,05735186;639355;7697581
id18c4f52c-c9a8-4326-9c41-657e6c58744c;57,36525736;639774,309;7693439,297
id190d9fff-d1ad-405a-9098-1c69210808d4;55,14926401;640515;7694303
id191c428e-1507-4c42-b99b-b919adbe6ab6;219,2027115;645387;7663497
id196426a5-43f9-4630-bba3-e462a1ef3840;20,01689821;647801,28;7667647,24
id1a0a4bae-68da-43bd-a9a7-e5ebedfc56eb;39,97432697;682147;7662303
id1a6c43c4-a1dd-4658-9816-cb889958744c;25,03232474;686657,8;7659616,11
id1ab8055e-1526-42cc-b5a5-17ac4fd0767e;287,9020005;656977;7663220
id1b2f113a-d456-40d6-ba34-91dde6dbd047;73,83941344;667396;7658935
id1b57c8b3-46df-4b3d-acd2-ea7e10522d98;22,04257434;648176,957;7667267,523
id1b9287ea-8721-4171-b6a7-7c60e7c369f1;1243,521416;666882;7660863
id1bbba970-c0ef-4dd8-ba50-42b0dd3cff31;45,2845676;653711;7671956
id1beaa864-059b-4a44-8c25-3f2cd68b6fcf;158,2637011;647103;7658463
id1c3357b6-e4db-4fd5-a47b-4824d5ed79c8;62,78382113;656337;7646070
id1c4dfde0-8770-42fe-b7bb-bd4ed2006ed4;11,17119872;645183,89;7662791,73
id1c77f376-17a6-4394-be7a-a80976a62675;19,86398457;679983;7654615
id1d29d1b3-a7e9-4b3f-991c-b069469fc300;9,538621055;648057,55;7667867,27
id1d3eb213-12e5-4ef3-9741-f6274d14c02e;49,01263911;633477;7676995
id1d6bddf6-ed9f-420c-b4cf-67d409b4f44a;459,0292585;658883;7663285
id1d82bfc4-06b6-4d6b-8dae-f3ab09c75461;19,3059473;679784;7655374
id1d846581-aae6-43c9-9de0-e7ba248f58d9;9,859998872;645171;7662870
id1e292b7c-d1d6-43b5-b3e3-9eb470e41bf1;12,96250722;647891,079;7667761,503
id1edaff8c-4d8c-483f-93a5-ce42941832d9;65,76135557;681492;7662695
id1f2bc3bf-3af9-46f0-b1c4-8c114dc9b79f;56,26907263;671051,37;7662662,39
id1f32a679-c882-48ef-b78f-a302f903900d;9,059665493;670816;7660376
id1fcfb42d-41f4-4770-9ff9-3a743456836e;121,8944426;691117,9444;7633465,868
id20070499-8f4b-447c-9f81-a699162ede19;23,49427508;648059,04;7667721,1
id2025e709-a653-45f1-8c23-cfb73a20a314;10,21678434;671266;7661677
id20c0be00-9db9-4cee-aede-27a50479cbdf;13,35001627;677402;7663080
id212b80b1-c13d-4976-acd0-437a2e1d127f;3095,895606;673651;7657831
id2146131f-3bcc-4ccc-9422-eb2ac4e65564;342,6560993;647553;7654225
id2168f2ad-7ef6-4238-b561-5091d599021a;765,164179;673454;7666422
id216bf501-9a9c-400e-b4b1-64e48f98e8e5;709,1918579;654706;7664353
id21a0becc-b100-46b3-8f27-852ca5a1fdb9;1772,206392;652421,481;7664939,973
id21e0fe61-ba24-442d-8aad-4b0cac400ba3;2877,28316;636724,489;7669388,831
id220100aa-84e3-4307-8c40-1df8ad7542d4;14,52130268;648031,311;7667226,068
id2224fac8-9f44-4642-a4a9-e04ea30d3f8d;1758,29127;652693,57;7665293,86
id22306dab-aa09-4a4c-8711-28c96e447e17;643,452449;654693;7664211
id223c573a-aac3-4176-a95b-cc7c118d31f7;11,12323982;646213;7686579
id23289962-923d-418f-acd8-1f626cbbb4ba;10,25782955;680291;7653510
id2375cfa8-2ab8-4b57-b21e-c7cd801b37ee;89,16389863;681415;7662751
id23d7dfab-9f99-4e04-9372-57396cdc2d1c;19,94955359;664560,252;7669611,645
id24049aa0-0ff5-427b-b9d4-2a25912e98cf;60,96832713;657834;7660552
id249b8b60-5a1f-4e98-9597-10c8e18d771c;36,22415319;639230;7697332
id25060637-96a4-47a5-b232-5eb29fd2c436;975,3444946;652615,42;7656938,39
id252cd173-2726-42aa-9a3c-8220433d3e73;77,56036638;631599;7684225
id2598912a-f403-4a76-9098-4a53ca1af2cc;21,35512813;639632,64;7697812,7
id25c759c7-11a2-43aa-95e0-31b773575c54;85,3639206;655578,923;7658446,71
id25e37a81-d070-446f-97b4-a864b6e250a4;39,11037729;679871,51;7663848,05
id2655a81e-0020-48ef-9dd7-36858e33371c;29,99827892;637764;7684779
id26b08bae-cb83-41f5-a2f5-abb32d79ec03;110,4840453;632907;7676926
id26b639d3-dd02-4943-8ef8-9b746c15051e;985,1663975;643896;7688263
id27115204-5766-4b23-b0d6-d8a1ab8ca26b;4860,017359;673431,819;7655958,264
id27505237-4b06-4a66-a61b-aea2e35e9c13;12,74125696;648145,18;7667534,98
id276599d9-ec03-4670-b96e-f9782dd0b9a6;124,7861734;635812;7677932
id27f97c1b-51c7-4c28-856c-1e2c16975728;293,812086;650011;7671224
id28187b85-bff5-43ff-a391-b3d02b7e3d87;26,63176875;673919;7664965
id2845e01b-b323-4d13-ba76-c1c2899be040;56,23929188;673904;7664912
id28493933-e731-46a9-b22f-a39a06b275b1;15,49951238;648011,865;7667627,968
id284d1df2-e3d4-406d-b376-91414b155c9f;1286,066935;632706;7674753
id28d91990-ff8c-44a8-8439-0ed301a8e1b7;91,48106026;651937;7662967
id28e296de-bfa4-46de-866d-e04b72666859;577,129266;659492;7672813
id2939bd5e-98fa-417c-9759-d572df64b37b;12,99992958;664725;7669467
id29fdef24-1dfe-4f70-9eec-438e7045bbd0;23,58118214;638851;7684828
id2aa28d96-930d-4f04-8417-8a15e852d261;142,51893;689866;7657469
id2aace49e-528b-416d-9796-35ae5c19cf34;19,51328048;640835;7695176
id2af5e350-943b-4c7a-ae80-e74ab9cc1794;16,20496903;647792,57;7667600,507
id2bacdc19-5bf6-44e1-8a44-6def0c663cc7;620,4229722;632466;7676662
id2c539095-43a7-4ebc-b499-18a5f232251b;1782,098484;638606;7668992
id2c6b2c17-7bc7-401e-888c-397322a07da6;33,73035805;637889;7664832
id2d293c46-969e-4398-a462-1d8937a873fe;16,48511706;647847,25;7667814,94
id2d5a9d4d-834c-418b-a254-a543970510a6;1956,927279;634451,489;7673752,365
id2d6f394b-9e1f-4eaa-b7af-646afe2f11b5;374,8723397;656772;7651585
id2dad4d0c-ede8-456f-af35-b4b4234180f7;6,533414136;647276;7654436
id2dcb53ba-ded1-489d-8cfd-7a4e29014e97;252,6331843;633499;7677239
id2de2e3fc-f24c-444f-8a4a-99e8130dccf4;2179,711086;631975;7674237
id2dfb71b4-b0f5-43ff-bd2f-b051b3f4f75e;17,60271824;640135;7698158
id2ea1720f-224c-4e5a-9446-47a5f4dd4b58;3,324247244;650537;7663615
id2ea546f5-4966-4ca1-a575-250f3d64fdab;35,53958856;645594;7687498
id2f3009f3-81dc-42bb-820e-acfa2d1da9f4;472,4895168;645625,704;7676910,545
id2f8ec729-b20e-45fc-bd04-8963514f96b3;19,34909824;648163,309;7667912,872
id2f926d7f-2d10-40e1-9a49-795bd969024f;18,12303387;647847,558;7667397,31
id2fb33f8f-f15c-4d7a-ab34-92bc0b90f977;35,7191862;659016;7673209
id2fb35cde-11f0-4a36-92aa-bf9b871a112d;118,4292078;686797,7;7660320,34
id30ff8f7c-5eca-4927-9424-15256e1a4d7d;1251,631406;660877;7656858
id31039c8d-1eaa-4780-8ad1-7b31ac2da30b;18,9611958;645029;7662709
id3165d63f-0e53-4d01-9239-f689fc400000;15,83812982;670503;7660194
id31ba9cff-1da4-4969-a1a7-1ce90fad2de9;1653,162766;646913;7652824
id31ebd18f-2a59-432f-a4d5-dad2222832d0;17,1194835;639771;7692035
id32292173-9470-486c-ba0b-b1f99391b83c;17,50886779;648075,41;7667699,94
id3231a052-c122-4dc5-b127-2332b4042ec7;34,25071238;632997,561;7676962,22
id32391f33-24a4-4701-b7f2-de4ac475f8ef;15,66608434;647586;7658744
id3270c7bf-c5c4-4f01-92bb-c457b0e9f560;36,09060799;645455,973;7663966,332
id32955112-ae53-4a9d-b273-fc2c0bb3509e;2237,452083;690004;7647169
id33216ebd-8829-4036-88bb-992c33de2eb8;17,20611014;679013,04;7658401,55
id33429c20-407c-4fd1-98ab-b09eab1d8050;19,57433798;683064,259;7661723,118
id33a65483-7da5-4249-9da8-470df9baea54;1123,546799;652367,929;7656904,288
id33b9a917-926f-4b1a-a51b-a4a6edca60be;19,3312931;639015,75;7695340,472
id33ba4016-caec-4cec-82a9-672a7e0fa45b;5277,268703;701399;7655871
id33c6d4e3-ae04-4421-8685-caaa535c1b34;1031,608805;652525,51;7656918,16
id33cbff82-ef0e-48f2-bfa3-669a7347c67d;13,48665386;679536;7663777
id3453eec2-283d-4e81-b450-ac260b55fddf;63,74532541;679359;7663627
id345dc056-0542-434a-8b32-8360ded670be;1117,627841;652248;7657005
id34867ffc-44b1-433c-888c-a566d2d454a1;18,02193439;640793;7681598
id349e637f-3cad-4e77-ae61-e4bf2d1ab99f;17,94777001;647930,645;7667217,402
id3562bc13-306d-4f35-bbf3-5fc2fe82bb6d;204,3545766;656330,39;7671590
id35ba8fd8-8067-4715-b773-138bbc4852fa;12,59814182;639452;7697601
id35c0971f-10b4-470f-977f-380fc9879cd3;11,09608073;679442;7656184
id35c6786d-ab84-4cfd-9f88-7d7fdb70e2a4;42,5265673;640521;7694720
id35d4e05b-83e0-458f-9018-fa49297ff0c5;22,39657187;686667;7659977
id35dca27f-a50b-42d6-abbf-6c75a11d2dc8;19,61656515;648019,91;7667446,44
id35e74dc1-d81d-4430-b88f-c237775450e1;12,28793899;647845,134;7667718,254
id35e9efa1-29e8-4ebc-a81b-925d16817e62;1327,459344;660946;7656800
id35eba82d-affc-4177-92ab-d8f004877164;16,34105758;640112;7698216
id35fba4c7-f535-45b8-b591-8172e2018c56;107,385823;648479,22;7657058,41
id36007e0f-0c42-4ca1-ac84-5367e88f6aa0;16,62378826;648145,686;7667947,9
id3630bb9b-1949-4247-b102-7ca483febc3a;53,64226048;639507;7690187
id36439a35-1534-4592-9f90-adb95f08bc67;29,1039516;684817;7659429
id36a08971-c904-4b88-9671-6e2c7e6994f7;94,48073472;675464;7660800
id36af93e1-bc4d-48e8-b986-13cc1143db68;14,5332608;684060;7660151
id36d66286-9112-40d2-88a6-5287754b58e6;245,5221324;683455;7661215
id37803614-6e52-4434-b9cb-f6e1e86f60ff;338,0613794;645561;7662922
id378221ef-eb7c-4ed9-9a57-1a26e3ed07f1;1007,245021;660634;7656884
id378479a6-e293-4fbf-86c8-2c3a9bbd5ca3;1650,145446;687482;7649747
id380bb647-329c-485e-99bd-bcdc2cae464e;2481,3353;636906;7669034
id380ec883-51e8-45b9-bdeb-ed7427d02cf3;23,73613871;653017;7671923
id381e9412-2765-405e-a8ce-c84e97e72b77;36,16557671;684769;7659481
id38454619-1422-4023-8b9d-e5b185fdbe4b;554,4326085;647668,038;7673596,48
id385840ee-eb21-483b-b970-e0efbcc69556;12,97427959;645120,291;7663503,301
id386fb7c1-eb5a-48b1-a4f7-b58635ff8c74;38,57552778;667379;7658979
id387b99b7-266f-4b4e-b28c-e785941a3455;15,53065059;648295,72;7667756,53
id3889d50c-d0ed-4dd6-ba89-6cab16f4f4f7;35,65471993;639651,92;7690934,32
id393ff155-59cb-491b-9c5d-acaab89cf9ca;351,965728;641109,245;7695943,839
id395b152f-00b6-4b11-a709-8664d79ce69e;175,1363285;672329,434;7662409,748
id398b80c3-062b-49da-b683-ad22733b935f;16,32660187;636112;7678200
id3990a38d-b950-4138-9bb4-221bdb706c32;1340,130292;660953,229;7656765,04
id39911b56-1c84-407f-b6f6-3a5993ef26e9;20,38094768;647772,98;7667588,07
id3a26f3f1-d0bb-42f7-872b-c07f64b83496;10,98370148;648319,89;7667760,87
id3a848719-9687-4741-878e-78bc24a95380;25,96520608;637678;7686208
id3ac1afa6-7c4a-456a-9bee-810a4349a50d;537,3133714;633420,14;7675106,74
id3ae79833-c7bd-4ce3-9a6e-e5613a4a99a0;59,03958268;685089;7662560
id3b3d0e80-0e16-4921-a739-69f7c914275f;24,15550314;646835,311;7658773,098
id3b417ed4-3280-40b9-9372-5b56455eb23c;143,9594621;674741,114;7662411,985
id3b47aa95-643f-4339-b056-5f5f4db6dc3a;50,74133684;686850,838;7660601,515
id3b560590-4728-4ae6-9e2e-4d242a31d366;42,28241642;644513;7664122
id3c593bfe-5f4a-4c6a-a4e6-ef3869782039;20,7360634;647829,9;7667743,829
id3cd7a8dd-a6bf-449b-8021-eceaac1456b7;16,1003937;647744;7667420
id3d13459f-829c-48ac-861d-58665efa9d44;32,05360666;661334,349;7661147,716
id3d5a4e56-5327-4173-80f9-6f8b6d658c83;339,2305662;644619;7659172
id3d9cb182-9a46-491b-9efb-05d281bcb1b0;10,06256918;673862,812;7662394,331
id3da2632b-e0a6-45f2-8df8-e01efeece54d;13,77030114;648130,159;7667924,315
id3ddc3d31-428e-4335-991b-517afa0ba58a;16,77127486;663746;7670365
id3df557b7-a4cb-430e-9ab1-8a7450b80651;39,40944126;679179,99;7656937,41
id3e183717-b808-4d41-b268-76da6d3caee9;832,2791841;633172,17;7674923,17
id3f1c159f-912f-4901-8536-204c124493f0;1000,631977;633231;7674681
id3f7739fb-0ed5-48fd-aa47-2a26dbb82b12;31,05528951;679130,65;7658054,23
id3fd59f9d-31f8-4b47-ab1d-992754aea2c7;584,426416;632473;7676719
id3fdda0a8-9dbf-4d6f-a1a5-09bbc952eb72;1149,662097;631889;7677368
id40137449-701a-4fd7-84b2-53d01cdd119e;34,79355266;686854,75;7660790,61
id402825f3-84b6-45a4-81a8-31e9a2974c01;761,5243085;654821,324;7664186,385
id4048371a-0a01-490b-8239-efc6aafd26ad;24,80351586;644787;7684328
id40646d04-1586-450e-9ab6-ef41dce4e1c6;690,9945987;633346,17;7674971,79
id408e069f-4c07-4511-86ea-60e04a5484fc;914,4927657;652590;7675786
id40c76d24-22d3-4391-a552-faacf6f2d31f;21,10773185;645015;7663612
id40f306a9-21df-434c-a6eb-6c05012a51b8;24,82862357;684727,407;7662878,489
id40f618ee-a986-45ab-af3c-dc4bb343f2a0;151,1095669;632925,709;7676865,547
id41bd9d19-0421-4313-b69f-c2ce56a991e6;234,8159546;659093,71;7673533,18
id42313d8e-915e-415f-956a-7acdcedc78a5;10,35699719;648175,906;7667594,228
id4250ed81-58b2-4cbd-9bb6-75b7f83fb1af;49,26254625;689752,45;7657988,25
id42a4f60e-0a0d-4579-b01e-fee08df897e8;71,16350391;689325;7657507
id42ae5830-a54c-4976-abc7-66f6f31e6a9b;1050,295738;653247,359;7664847,668
id42b172cc-493e-40fa-93f1-5006ac4833f5;688,424172;632615;7676425
id42bb8200-b3b1-4b79-9357-23730db47851;1696,075122;663441,847;7640509,459
id42d0ecf6-446e-4348-8129-5dec956e6a69;20,44814344;648268,42;7667365,3
id42d306a2-37e2-4595-9fbf-2665d2e30d7c;66,73011497;681731,82;7652170,68
id435ecc65-9c73-408b-82e1-2b5d37e84375;37,37644625;656197,64;7648689,16
id43770e12-1392-4bf6-93f2-f1d25c55db67;17629,29735;697573,965;7614245,345
id439ad1c8-0091-4ebc-9bc7-18d5ca88c878;142,367609;670288,83;7660347,92
id43bb3a80-09ea-4006-aee7-0c4f17fd3268;245,7849458;673723;7661808
id440dc036-c618-4b0a-ac8d-e9481c1ac315;29,16269515;639714;7693132
id443e0bb2-89b8-445c-94e4-2725d683899f;11,45718404;648154,752;7667607,8
id4483ae22-27ff-4cd4-aa03-16da3800709b;16,67485257;644227;7670483
id44ec0807-0164-493d-ab34-641418ec6d46;156,8645138;675564;7660773
id4561c339-b056-4b40-819f-2aa360d5e6f9;180,5073761;658106,42;7660840,538
id457e615b-c426-4c62-9322-8251458d4ddc;45,5377094;645850,329;7688388,869
id4596dd87-2559-4ab3-b581-5438c4390a38;16,42424135;678306;7658840
id45a3f0e9-bbaa-4700-99df-bfd12e5bbfc7;74,79656156;680728,56;7652601,73
id45b0936c-c577-43fb-84f6-6c83d2565c7d;678,2766173;632949,652;7682488,511
id468da4b6-9f4e-4db3-8f13-6cce3dd606d0;1200,929086;660826,477;7656862,405
id47288601-3bb6-44d7-8226-c3d88f3ca28e;350,8549873;654350,915;7664246,031
id474c8823-2121-44f4-9497-b18949bccc68;13,41269373;639753,73;7692787,5
id477f1b9a-b7ae-467c-bb3e-d824bcadc7ea;197,0774279;633252;7677219
id48b64644-df41-4542-a73a-d4a758c17091;12,12682061;647668;7667400
id48ffbede-3a03-4d36-bace-e3ee907d473b;12,78773215;639442;7694564
id496488c7-5c4e-4d2a-9e1a-25bca53ecb6d;51,72623576;658837,51;7672735,46
id49654340-f4e1-49b8-92c4-59954c6c4da4;14,09644635;677292;7663682
id49a6db32-2a5b-42de-8251-3a2c6dcf38a0;15,47247139;648139,493;7667910,563
id49c8a5d3-abfb-4caa-9b17-adc2a94c538d;50,45122977;639960;7679783
id4a075da3-82e5-4c85-bc7a-2f59100c6c45;55,24031875;638190;7682177
id4a21c374-390d-4d9c-af0e-d6e266ba4cde;12,0077982;648068,399;7667229,769
id4a94a51d-8e62-4ce1-a915-8fc68970763f;21,39140272;648133;7667305
id4ad4f376-6d29-4690-bcbe-9515baf4607a;47,0141468;650095,48;7672406,91
id4b220602-947c-4080-8870-0c8fd767db66;133,8674972;658072,834;7663744,198
id4b631cd5-5e62-440e-a4e8-bb3a0bb555a5;24,06660439;633507,23;7676915,19
id4bb1f7b7-2041-4d5c-8b7b-03382c1b5995;70,11849744;639808;7692235
id4bd66efd-af86-4592-a4b3-a722b5967e70;35,17690907;686707,8;7660473,76
id4cc3931c-bd97-4801-9dba-aadfec78f617;17,04363923;648095;7667242,07
id4ce0007a-4395-4675-9d52-77e1fc6fca4b;16,95156152;680086;7663461
id4d6e75b1-54d5-4159-934e-09dfcfa58f3d;1452,750948;654638,442;7651612,928
id4da3b81e-c4fd-4f27-ae36-63f2659a614d;25,76612977;637263;7681638
id4dd47f41-c1af-4b2a-a7f2-defb5c6b44d9;489,3472619;654557;7664121
id4e1c2ede-9185-434f-91a9-4ea720803120;27,969186;639253;7696054
id4efabf4c-6e6e-4802-89dc-0485196ef856;7,894245369;639554;7694566
id4f3ef118-61b8-428b-ae99-7b8420da4884;23,42294505;665392;7659668
id4f8ea758-12c1-4aad-b301-47b891e7b881;13,55698582;648028,528;7667613,866
id4faf583d-f2c5-4b4b-88da-31d42709ec31;138,9135577;665809;7642265
id512110b5-e6e5-410c-88e8-3b416b17e272;891,0236996;678308,263;7656598,497
id517d8f7b-293a-4914-9e7d-188656c72512;14,03254283;648101,053;7667941,073
id51cbcbbf-7789-4cc1-a78e-3fb32e48891d;146,678421;639675,74;7679319,33
id520ca175-3529-4ba2-b3ed-05e6267fd1b7;14,03718956;639097;7695146
id521d34ab-197e-4093-8f5e-5b06913a8162;11,45597903;648196,75;7667402,236
id522aff93-d44b-4b5a-b020-69cc27cb3b32;15,96987075;647930;7667544,11
id52ebea1b-7640-49aa-9968-31c3bfec0df2;427,3895713;648254;7668547
id5304e1fa-fa84-4950-a50b-22be8b39606c;169,1337785;645439;7685030
id532389dd-b45a-4f9b-bb4f-230e0a39c25b;13,66631708;648139,406;7667344,164
id5360ee1e-6e3d-4509-b82a-4c7c35549bbd;843,0035802;640749,61;7697010,15
id539383ea-20ce-4252-9358-8ad3a2d9b0d9;18,96311462;663719;7670142
id53e4876f-aa01-483d-a12a-2ace408a851b;623,4328705;633155;7675270
id546acae5-b42b-43bd-8ab1-17e5fae72e97;37,10649641;639796,4;7691412,24
id5487f53a-8401-4125-8be2-6367b7de5a93;106,5132603;664523;7669478
id551d4607-fc2b-45c6-a755-fc140e8be1f8;33,86056699;639895;7697983
id554a3436-fd45-4874-8257-9fcea06bbe65;17,10600871;647924,17;7667509,99
id555d4727-92de-4e17-bb8a-f1e32f9ed628;51,12937401;633561;7676994,97
id557c3bb1-55d1-457f-b20d-0b0f58622004;11,9964473;686706,05;7659420,02
id5589c520-0f03-45ce-843d-b08b7a84a082;196,6641556;644799;7665283
id55a16293-be88-4d26-a12f-d5ed498d8b03;567,6879796;644830;7658925
id55d2c864-85ae-4add-b868-b1fc74a2a9fb;1943,836753;638424,74;7669090,5
id55ecd7fb-8e48-48d1-afeb-d624750e9aad;13,63394066;648105,05;7667543,67
id55edd226-6a1e-48ef-9e46-0f32fdb31dde;327,8633326;648028;7658858
id5610069f-fcb1-44d8-819e-fcd30b319191;12,73013714;639745;7691467
id5640f4b5-732a-41c2-a4b9-185ce7858185;72,33690456;674232;7663755
id56825d58-08df-4108-bf3c-e6dc0ce384bd;1953,890233;656756;7675606
id56894e7f-ccd9-4a1a-8019-e2ebb752da05;4002,950802;673132;7656969
id56a0fab8-21b2-4c40-916b-80120a8a298c;17,91345806;647962,354;7667578,395
id56dd4026-c19d-4636-bf32-b45a39404ef9;8,564855161;679054,92;7657227,24
id572df0e4-464b-4fd6-b36c-ce2c33308cd8;32,42511601;657614,317;7673326,314
id57a473bc-9062-4df9-b867-1e6ec520d4d2;1276,71577;646222,7408;7657648,462
id58108fbf-0a06-4f9f-86aa-18ed06e40d0e;17,22132289;656215,98;7648110,493
id58130466-8dd0-48fd-9442-6bbe9250372a;70,5891248;678722,944;7657699,292
id593b496b-6cd8-4453-aaf9-65715bbc99e2;271,4980362;645485,677;7662964,433
id594b69dd-545b-42c9-84b5-9021d99b7e11;10,35808982;648049,51;7667579,11
id5973bb0b-35ce-4433-a81b-023ac74bda7b;79,56984323;678462,1108;7663802,759
id599d07fb-c2b5-4f1a-b637-28e92a1afb5b;16,14258764;646637;7687506
id59b73273-5309-40c8-aba7-a1986a14f3c9;24,2601548;676242;7661871
id5a25b677-3568-45b7-b815-ebc5079d9cef;47,21723939;683832,133;7663474,092
id5acfc3e3-ee0d-4e54-8742-83d4af13adda;18,10690564;648275,93;7667856,67
id5b4d2fce-bac1-416f-976e-b7d91894b466;224,8488636;645710;7662789
id5b9ba50d-c1ad-4614-8d2b-9fc0a17adcf1;10,54289613;648245,744;7668114,832
id5baccb4d-9407-4e78-a4aa-f1f3598c5806;19,13147457;648008,921;7667528,208
id5be0fcf4-9026-4031-9823-b08845ab838a;17,87766259;683897;7663386
id5c0453cd-3977-4d3b-89ed-3c87b8334d64;29,92936536;645405;7686971
id5c0a9abc-31a5-4ea1-b5fd-37c11ab30e49;15,73185263;648075,61;7667279,94
id5c53026b-2c6e-4029-81e6-c76565d3f3cd;1231,768207;646080,556;7668540,59
id5c55e953-8fb0-478c-9ab5-1787b9600ae9;10,10243261;648239,595;7668103,588
id5c5630fb-cea7-43bc-b0c0-470bf2a33309;13,81342723;639751;7692159
id5c8ae4e6-feb8-4f28-8783-6d621eeec819;33,07485161;686657,75;7659594,34
id5d11ee59-75c8-4973-9253-cefb66f056e0;32,69991099;678632,988;7663740,979
id5d12e195-015d-46b5-8e44-688d4039e426;5296,218874;701418,8226;7655873,258
id5d4b6c95-0fc2-47ac-b9f3-3f31441be816;1223,248963;633684,599;7681318,072
id5dcd2252-e77c-4ee4-bfa9-469878819d8d;106,4715709;673963;7662410
id5e09a4c7-29b8-479a-87ce-3731d3b80b50;26,27846561;648337,631;7667403,551
id5efff616-f05e-4380-9c00-59d7a0cd8958;77,62392421;684316;7662857
id5f015150-5a9c-449b-a3e7-c0596f785543;150,6062392;639229,88;7679474,94
id5f533b18-0dce-4013-b4e2-38e9e0d3ad78;107,8768766;677794;7662731
id5f7de9c4-8e6c-4f3d-a969-efa51a0cc592;105,876899;658955,1;7672774,905
id5f888873-2412-4046-a30e-cb42b5e9717a;28,55797824;650282;7663727
id5f96c3f7-4ae4-4b33-bba4-99e303c1375c;17,19984715;647909,917;7667369,354
id5fa1594e-6009-4e76-9c92-fc3b42610f7a;15,51384041;683565;7660453
id5ff26ea3-aa90-44fb-883b-eaa30f179266;10,8807495;640099;7698097
id5ff70ac2-8992-4530-9c4b-faf978185e64;2011,913096;652650,173;7665604,724
id601448b2-2aee-4037-94a9-88b8837ea61e;77,31753522;679026,809;7658277,079
id6036c63c-4612-497e-8df5-57f2a49fc480;45,77977338;685700,696;7661962,459
id606c68d9-82d5-4d63-8621-e67a7fd953f0;26,04664118;684736;7662823
id60833194-0336-4138-9056-8a4c7326e2df;531,487426;660824;7672138
id60ca3d43-588d-473c-9ca8-83b5b74ecdf3;1174,721216;655999;7663727
id6149cee8-3a74-4713-a302-848802ebc07c;15,6636422;647863,81;7667283,153
id6154309c-321b-4394-b597-95756b014421;21,75008976;639726;7697892
id6176c1a8-a696-4118-b3eb-c4b2bba8eace;3646,188849;668872,193;7644453,635
id617d2b88-f8da-4a49-97ab-e90e021356c0;1175,220671;632925,06;7674683,47
id61df70bf-ab53-4f57-8553-df738efdfd38;21,29742324;640194;7698162
id624df2d1-549f-47c7-8ad4-6f60b3bf8232;45,93292629;639422;7686448
id626cdc20-3b90-4766-a327-ff17bca4b8e0;554,8675487;633466;7686037
id62a80012-b511-4e29-85ba-5e8011936b6f;31,44010117;686508;7659074
id62add4e9-c084-4aa4-b68e-e8b039c8565a;11,10123268;648035,07;7667884,55
id6300f245-d7a0-406f-9ee1-198d28d1734c;18,7822393;647694,89;7667455,01
id631f82fa-4d1a-49d6-b384-5605cf47dc4d;10,35598091;645083,8;7674787,85
id635756ae-7ef7-415d-bb27-ac2609ff972d;19,78828691;647956,46;7667283,82
id63693621-52d8-45e2-ba62-f4bca84900ee;86,84508381;664563;7669715
id6400b25e-9878-4a7e-80c2-2cace4438378;18,52331476;647813,01;7667373
id64242bf2-a86a-41c3-b853-8d0252a3fc61;2090,560759;630940,83;7677464,867
id64751793-423c-452d-bba9-7d6ef1a1a954;17,27475385;649142;7662833
id64f985f5-3f90-4c04-80d4-cc252262cc08;749,6291543;639674;7669032
id64ff03ff-034e-40d3-836a-7f79533c50a4;6178,377188;695578,533;7625813,824
id6560a42a-7948-4082-baf6-c5adb2c95287;294,5292831;687401;7657707
id66246b1a-9b7a-4627-8f5a-425d4974ded2;41,27817145;645579;7686450
id662ae663-cd6d-4673-bcc2-6be007700b44;1781,192378;663297,658;7640611,344
id66420ee0-ddef-4477-8fe0-ccb591002c94;167,2747982;633345,513;7678123,138
id66b144e6-44de-428d-9e97-0601c5226477;450,9338266;658683,776;7663466,55
id66c886b5-529d-4f5f-96a4-0e2b9626745f;11,43316724;647960,66;7667646,6
id66d20a37-8ddf-4658-bece-2de1384d7199;12,10629242;652064;7659762
id66f09e50-29ec-4bdf-a125-62b4e434ef53;4130,540211;693444;7627100
id6729d6ce-8cd0-4252-9d87-4b9de6d4eef3;98,00137459;673999;7662448
id674c9d7d-2659-4d79-84e9-6a86d746e786;18,64125278;686703;7661059
id67bf3a81-9947-4242-a55c-6faf5ebbd962;28,40411229;648158,556;7668058,492
id680b1c4b-7c98-4dfb-bae9-29bd91163910;2732,612976;672787,39;7658493,62
id68c1e4f9-7d74-4366-918e-761b3cd71b6f;151,1886435;632616,358;7686242,628
id69460e9f-492c-4132-b2de-93ac4a15dd27;15,90972317;686646;7659199
id694a789a-cc49-4033-9478-2e57ce71c6d6;25,06532516;648021;7667682
id6984f8ac-c8e6-4a27-a953-baeb57740043;37,28213584;676267;7661929
id69cbe3f6-423e-495a-9675-0069ddfc6505;185,6755828;643843;7679042
id6a253781-e78f-4f27-9ce0-9e41a8d7b8ef;26,8943823;644056,043;7681319,513
id6a3cce3a-5cc5-4209-b13f-3832a777582c;36,62009096;683861;7663258
id6a9c7381-46de-44f4-a9d7-d6d96522917f;21,6774475;639717;7692807
id6ac636ca-fbc4-4738-a0ff-49f77b242c6f;14,21710525;648322,84;7667368,04
id6b08d286-e48d-4105-9b73-f79ccbf63c5a;36,78636545;683421,444;7663738,281
id6b993f08-5b81-40fe-b04e-5838b3f1b0d6;1057,76721;660629;7656630
id6b9fad9e-88ff-4525-82e5-9f8080effeee;14,70737422;647808,49;7667584,88
id6bb30c54-b8fa-483a-9691-1c0f064b99b6;5286,836496;701405;7655853
id6bb920c9-7fe0-4926-b0ea-32af98902a97;21,8770703;647861,98;7667863,218
id6beb05b8-32be-44d8-b332-eaf2be0b748f;19,0814867;647883,282;7667382,553
id6c36db05-4338-4ecd-9a89-7060f872202d;25,41718302;644021;7675892
id6c83368d-bb43-4b92-b14e-2431f84588da;14,21815691;648144,442;7667336,068
id6c886305-172e-4cd0-b52c-9a6d41fe4ece;29,07624597;639020;7695375
id6c908db6-c821-4e22-a55a-a6bcaba388b6;124,8086911;690137,491;7636767,842
id6cd81695-9049-40fc-8f1f-20ef4075d641;11,05061142;648305,62;7667783,47
id6cde0481-c740-47af-a983-de1116b8949a;1664,11063;661622;7656795
id6d84e43b-d895-4f29-a7a7-5ea94f2f5deb;45,92051398;644622;7668338
id6dd0d615-a060-4ae8-a377-88cc8a3ddc46;581,4028313;644570;7674250
id6de2bb89-53fa-408c-abb5-a2f2f164123e;15,41819388;647785,53;7667390,46
id6e9dc819-769f-4d5a-9b17-28f81caae120;33,34927492;664204;7669916
id6eb13ef9-b919-4315-8c7d-7d25d96ae843;9,654683359;648236,784;7668071,087
id6ee459e9-88d2-4db3-a3bd-9f2542396061;12,1964925;648085,63;7667552,877
id6f09f7dd-6b98-4d25-ab64-c4565cd51f24;868,4710591;688693,96;7646677,857
id6f2d4ff2-b5b1-4cd3-8e63-6ee80bee5711;33,21123174;640231;7698140
id6f402d9d-2b5e-4e90-b486-5fc929c1dc9d;27,03173621;639759;7692234
id6f66ee62-7108-4fe7-bbb3-40f6e96c9dfd;11,67239387;640150;7698126
id6ff5e251-cf4b-48ae-841b-3cb0ffad8788;116,6260018;670375,93;7660431,98
id7164dca0-dbe7-4a8c-8839-24e86ab726c3;82,80620474;644746;7690037
id7166b241-3ee0-451b-9def-70a6a1fa85b9;100,2582517;653409,48;7671635,71
id716a748c-9633-43c5-b24f-f93503a059f1;20,35736868;639727;7691192
id71fafe58-99fa-4dfc-bba4-98309690999f;14,12377649;639787;7692171
id72162439-ac99-4615-82f3-4f3f95b25bce;19,51876042;647971,86;7667389,5
id721dbae4-5a8c-4613-bf66-c26f336a615a;1475,699863;632469;7679103
id724443dc-aff5-4d4e-949c-eaae34594833;208,5058994;689305;7657368
id7269ff59-3548-4173-a3ea-0967291ced63;38,45166882;647894,631;7667707,017
id729c0e52-5397-41dc-8a8c-f26992c80c9a;23,60697042;686654;7659436
id72c5ae75-900f-4e47-80e7-3937b0d97bc6;28,59642191;648740,174;7657007,147
id72e16bfc-a144-4a89-9478-956782bac2df;27,74106934;648053;7667651
id73967b85-59fb-4470-801f-e5017d08fe32;11,79725358;686658;7660297
id73e8379f-a3e9-4119-9739-0f986f25d8b3;1091,398309;652274;7657017
id740bc373-d895-4844-8619-45d8212ac8fa;138,1855267;658334,96;7658813,08
id74122b9c-6493-4070-988d-d1fc8ddb000d;11,35271928;680461;7663208,52
id7452894d-a4d1-464b-9749-73ca3e9dd3ae;26,05826894;647889,73;7667558,27
id7484a01c-15d2-4f82-80b6-d9ae39dc94a9;447,8501177;682181,187;7651363,803
id7536602a-9bf1-4618-9a8b-4faed1e67ec8;382,9669961;647347;7667718
id757be34f-1ec3-4118-89c3-dd378a2007a5;35,44012365;682951;7646665
id75933c0e-cebb-4212-84f7-d5ea9a887c98;25,20038583;649562;7672508
id768f1133-8ac2-4f4d-a990-3e683a8b1c20;22,20374438;638094;7682472
id76f622f2-7d6d-4b9c-b4cc-39465aab1ebf;371,2899058;632640;7676861
id773304bf-5a71-4bba-9283-0bae63e329c8;62,95487571;640230;7698184
id7760c2fa-2e05-4cd5-b07c-fe37b4ee571a;37,67315417;664859,962;7669538,716
id778400c1-a3c0-4c8b-9c34-de2a7cf7d6be;260,6669308;656166,565;7673414,743
id779854fa-4b14-4a2b-8979-381841e36670;1209,119671;660834;7656856
id77a63cb4-11d0-4b31-90eb-8edcaaf2ad5d;32,85646018;672512;7662115
id77fb95f9-b118-47a1-b8bb-1b6e708bc227;12,75919557;648127,809;7667942,735
id783bda99-2d93-4a92-952f-e1751a879776;158,4934941;677226;7663182
id78470c77-d53b-43bd-88d5-6e1244be6365;19,20287048;639399;7694736
id788ff3df-f39c-462b-a201-f4674fd77bdd;12107,23874;697683,21;7620212,763
id78e66120-32d7-4e91-894a-1e0fd0ab23ec;1210,826839;639151,415;7669536,593
id78ed87ee-8a83-409c-8d0a-3e0b881034f4;433,9476204;657660,977;7663847,586
id797f2b3b-1ee6-452d-90ed-5132df458cba;22,10313392;684283;7663021
id79e81ef1-d2cd-4999-9b7a-2c541773af42;66,08236835;682302;7662320
id79ee42cc-b2fd-4a32-a1bd-6ab3f2e79570;1130,345605;633104;7674605
id7aca1eed-6c6e-49e9-8b6d-a6cd6fef1d11;10,80462255;647937,019;7667758,689
id7b263a57-19df-49d3-83c6-c4676da66fe9;2178,544465;630808;7677165
id7c52e950-d207-4fa7-8f76-98de8830ab4d;9,762295528;682264;7662265
id7c7e3b28-9639-48ab-9d40-afa5230733c7;2173,087483;633063;7688258
id7c848db6-64d9-46ca-9095-47bcfbb73d09;12,94679613;648049,443;7667605,889
id7caf0ec0-ec83-4b05-befc-bd44f7dca606;13,70683557;663936,429;7670073,503
id7cb1c54e-ffae-4f39-82ff-d94f2d4519d7;11927,78207;684429,999;7622156,685
id7cf7d5e9-d2a5-4776-b706-f74a7cd12b05;407,6090444;647518;7658161
id7d1636af-b4b9-46df-97cc-f55abaccc75b;98,37774438;659074,86;7673678,43
id7d516da1-e6e5-49f7-aa34-193ccffe3126;828,5702157;644557,024;7685807,279
id7d645956-921e-4ad3-bd1a-48b59f1f17c1;70,29559557;679536;7663500
id7da9211e-31c6-455c-83f7-6d6bc432f910;34,33853018;637801;7687375
id7dd0ff0b-c181-417a-802e-7d1673d21732;41,51609165;647491;7658553,05
id7de14c0c-bfbe-4ee9-b8df-d83221c2c8cf;14,79630461;639835;7697982
id7e4a91ff-7f29-481e-a962-259c0c1e282e;87,51328294;639765;7694400
id7e7b23c5-4da5-4e40-8e24-854229f248e1;411,613042;673496,401;7661787,222
id7e9bc1a7-5b85-471b-89f7-5f3b802e5f54;99,72852075;663901;7659398
id7f0bcc5f-0461-42ca-ab82-c5454a2e7312;32,88609883;685045;7659245
id7f14ce37-8386-43c8-bcdf-2ab240021984;11,91135569;647570,326;7655703,69
id7f1dd388-c581-4d37-b46f-3fc14afcdb1b;18,39672748;681623;7652256
id7f2d30a5-d138-47c8-99d9-72092ade1305;27,74438703;645049;7687209
id7f2dc159-9cd1-4a19-99c0-7f2be636b62c;12,08075665;648271,01;7668114,81
id7f510651-c01f-4333-83c1-138f21e6a9d8;913,576861;660458;7656591
id7fb5df64-5736-4322-9e7b-603fa9b0cf3c;12339,53397;681921;7624465
id7fd1bd88-0861-4983-aee6-aaa749f6d58b;21,65699884;647870,88;7667320,72
id8034e22d-965f-402f-8df9-cbdd320e86d3;20,49788739;640025;7698188
id808faede-78da-4cb7-aed2-fbd19cae1f1d;43,61182818;656147,26;7671619,99
id8138b4ed-e1ae-459f-8adb-0169e07333a4;242,5731917;685421,473;7661931,497
id81434cb6-1752-4804-9844-cbf0b75c093e;109,2546718;666311;7659513
id81a0e2d2-5e76-4ea8-b129-136e93ca43c0;64,27497114;681696;7652308
id81ba5dc0-4ae4-4d3f-9346-bffe80d9bde1;30,26897352;648216;7667610
id8271d697-55d2-42aa-841d-f73b800fec98;18,6691388;639883,9;7685605,26
id82a01d99-453a-4213-8c3b-c1b614e69441;61,13472703;651728,977;7659973,484
id82b5931e-ad33-426d-9162-9893a0f64437;20,02344141;648169,04;7668007,16
id82e59a84-ceb7-4517-b966-4545dcfe7df1;940,6844921;660501;7656622
id82fc1e1e-7e87-4d6c-9221-1b81494f9af8;1320,714703;632475,09;7681647,51
id831e001a-adf1-4ce8-9bf6-5c8b464c9eb0;13,89014605;642090,09;7679738,05
id833a82d1-44b5-47d8-a740-c6422818f9ee;23,83123745;647747,874;7667549,59
id83cd9320-e758-4994-81b5-ae9f1742e10f;55,35026903;671511;7662934
id84f61335-e33e-422c-8251-7647e0e7f1ab;16,41153533;648075,98;7667666,01
id85e342a2-3e16-4721-a206-4265f8272535;15,34386156;648197,427;7667935,604
id862e8a15-06e4-41d7-b023-dcb447461670;304,6172331;647741;7654598
id866b029d-b5d8-49e8-9bc4-6f9ed7052700;48,91443336;684705,905;7662834,241
id86714868-6c6e-4bdf-a154-034dd146836d;19,78707935;648218,8;7667425
id86769e80-42dd-4ea5-b451-e6b32ff30a95;119,0772855;685584;7661964
id86971c3e-9292-4ba6-9652-0ea42a76d20d;297,3663534;656514,972;7650333,475
id86a6ff11-0255-42e0-a27b-53b9069c169a;70,63829219;686758;7660104
id86ae13aa-6876-4a4a-bd9b-aa1c1be34ad5;77,36150391;689801;7657687
id86ecc89f-d227-491a-b2e4-341be40fe4b0;604,6342344;644024,851;7683721,415
id8711abc5-7c29-4edb-a72c-a912a5551e36;16,00333899;647996,65;7667438,48
id872b26fe-1294-4170-9122-4b3636d3c8e3;62,75017704;639786,445;7693524,608
id877c3640-705a-46c0-bb6f-a4b58f47bed5;1201,00282;646992;7653270
id879f6d75-1901-4825-b49d-12b9ab29da9c;321,2708433;632960;7676677
id87a423e7-e7fc-44f1-8b09-66eb6bf8ca8b;13,54816179;647755,38;7667653,61
id87ea5e08-16db-4f6e-b86f-0bc727efe9fd;260,8834211;640262;7685759
id87f8f445-3b94-4db1-b26a-f5926ab7a0bb;13,22568182;645134,576;7663473,376
id8813d959-9c77-4663-ac7f-7f1679a66730;16,78722013;679541;7655492
id889c1bf6-b0fb-4abc-a247-cc4aeeb99263;24,30699169;648162,908;7667290,355
id889f4b5c-7e2d-4c05-aff9-6402e86cd462;213,454966;655433,452;7658547,367
id88a833dc-363e-43b7-ab62-a2db523756ca;32,48216534;654581,196;7671162,229
id88d56d39-d6ca-4fa3-8a40-50fec95dbc99;25,64458848;647917;7667400,11
id89291ec3-2ef9-439a-aede-6eb2d2a18467;39,4568407;681935;7662428
id89833f72-4198-48ec-a9ca-c3f70d8245d9;159,5865198;682543;7662155
id89a7ae04-2dd3-48f4-ab49-f0fc1960d09f;1315,147969;660939;7656841
id89d03a7c-e4a2-4182-acc2-672b830e8f7a;22,89032969;644782;7684365
id89e3cdaf-7241-447d-90d6-1311f6c6fd2d;23,76137384;686672;7658427
id89e950d0-794a-4db7-a40e-7ead6bcfa1e0;1974,095647;688722,9;7649462,47
id8a873512-f32c-4c84-8146-0944c4977903;23,67128276;647818,94;7667662,13
id8aa9a361-a025-4dca-9c58-8f3b3720fbd8;24,07906527;650712;7663605
id8af4a45d-9dc3-4c55-81f7-54a5db8bf8db;39,56630204;690065,837;7636626,774
id8b089903-ef07-4a0c-bfbd-48ab5b9bb233;33,34345033;679181,19;7656827,02
id8b89cb59-6f7d-494a-859a-688c6fcd3522;27,36284185;639626,2;7690839,83
id8bbfe295-fb8d-4c00-8a27-002f6dbf5fea;11,2606393;679465;7663625
id8c087601-63c3-4c74-95ae-6ad797dfb3cb;28,70815763;645048;7663588
id8c0ff45d-9dcf-46bd-adca-52efefd64467;465,0001816;633048,321;7677884,795
id8c5316cc-51e5-4dc1-96cc-a6589826d2a5;22,26477433;664346,308;7669759,953
id8cd10c74-2b56-4120-abab-b7eb19d45c3b;212,2633554;685406,635;7661978,695
id8ce67ac2-d33d-4bd9-854b-a95a30957198;21,97835378;639343,322;7697449,607
id8d271ee7-2ccc-4a9e-8c43-61f5e8fbe9f9;12,10886816;639522;7697671
id8d50d634-e1ad-458d-8a3e-2e796a980b04;12,52736819;679147;7657588
id8df813ff-3988-4c18-9464-19ff62790dc5;17,22406484;647734,609;7667627,186
id8dfe79a7-62a1-415f-8e80-c2c25cad9fb9;1419,161996;632026;7678058
id8e0cbf05-2eb9-4907-887b-248eea51c4d1;36,24896225;678747;7657666
id8e15c15b-bb8c-460b-b77e-36b5ba652089;16,73524257;648303,915;7667402,899
id8e16991f-b77d-4e4c-b6fe-1763c9bf4360;63,0206104;689097,39;7638489,84
id8e1d5f0f-3545-4b2b-a908-627aedfad3c7;20,60428894;688033;7657969
id8e2f1e74-adf9-4da9-a3b6-eec866d1a8a6;35,30587845;648395,49;7657312,5
id8ea76ebf-316e-47bf-8123-cd2f400baef2;796,089015;653530,227;7664751,551
id8ec21396-7ec2-462d-8c41-db4fc1527f1d;61,87991681;640105;7698262
id8f22bdb1-4a70-405c-8786-8352d12c85ab;216,6953435;656075;7646406
id8fb1c841-5f63-4df0-8022-16c55518b604;24,26065601;647824,26;7667272,38
id8fcdf050-b6ac-4d86-b0ee-1251a9a093bd;13,28617827;648131,203;7668020,45
id8fe46989-9eb0-4536-bf9d-b1a4dd5499ca;764,5430712;638254;7661976
id8ff2b49c-42c1-485f-8c92-2846af45cdec;18,01612113;639092;7697011
id900bf4db-b5c5-4914-b8fc-0d0755f7d379;22,25565979;658079,86;7663539,2
id908c3dcd-f674-4d8f-9608-94f2d3272e4e;45,49603441;687434;7647640
id90d59ba0-b528-47c7-a451-a6e5a4ea2cbd;109,4005917;671731;7662659
id910f53e2-9c34-4124-9b81-857a74244df1;669,3197072;647217;7662992
id9160d3fe-84d7-4c7c-b6c6-8b3d8754cec2;1697,275198;631591;7676034
id91d2d177-27ef-4cb6-b134-0e15d6191e15;14,82773498;648127,28;7668001,21
id92951b71-5c0e-40a4-9df9-93a056ba7c04;59,22063337;678711;7663627
id939d474c-3a37-4253-ac2c-4e449b723d41;22,2435057;647996,38;7667373,36
id93b407e5-7780-4722-915c-91edea7b896d;25,25707381;648234;7667517
id94fa3579-5f40-49ad-85a6-fe2198b5199c;63,05274552;674063;7662535
id951bad7b-337a-4c59-80a6-17d45f9fc694;13,60518176;648110,52;7667639,3
id957077d7-1af8-43d1-a831-39243ebde5f2;4216,616028;673345;7656712
id95744db0-db99-40d9-ab52-887e4443469b;85,62326654;690289;7657453
id95b803fc-7d77-463c-8aff-e1bc167be37f;28,92528009;639138;7685314
id95ba39c0-d6a0-49e4-b149-feced117d586;20,50536281;679710,76;7655044,9
id95faa8f2-9654-49e6-bb7c-d61ff36f6f2f;36,41091333;681701;7662564
id9611b447-3cd9-4c3d-9656-276aaf7b26c2;52,29970897;640256;7698142
id96910699-c6ad-43ca-b0be-92863ca2f9c5;102,3883286;639722,447;7679308,449
id9691a910-b4b1-4b58-8976-0ef143ef3970;1394,28104;661008,607;7656767,787
id97412e34-6af7-4301-bd65-42559dfba8cc;207,2880683;647909,211;7655143,159
id97468ac1-eaf7-4440-b5f9-f628ebe958a6;51,23529061;681077;7662884
id978b9aa4-39eb-47d7-98b2-a089c9f056cb;1233,733012;646038,445;7668550,683
id97ae4199-e51b-4e63-b046-f1a24c036c80;2289,850802;689466,872;7648811,684
id97e6b0fd-9bab-4234-96d6-41341f50e1de;9,815459008;649438;7657026
id98b673ad-6b75-4073-847d-13d028779e87;22,05496683;679081;7658104
id98d5d1d7-886d-4b2f-938d-378bd6a4bb04;87,0682542;645003,511;7674874,017
id993939ed-566f-4c22-81df-d5e2ef173513;25,87232685;679644,67;7663838,28
id9996bbc7-67ae-4a02-948a-a67eca09b8ad;11,73527465;648229,72;7667367,28
id9a18e597-9899-4590-a930-deaf924204cd;33,70967595;643056;7661160
id9a6f17cb-20f0-4e4a-8bb7-9145bdc14749;23,49532009;686767,196;7660933
id9a718abc-0c53-42ae-a3bb-78938944452a;138,8721304;664578;7659696
id9a908749-1cdb-44a6-b0f4-a5b6189a7dd5;165,1468713;658674,827;7663055,466
id9b26d2c5-4b4b-444f-8479-5d43c177bff6;95,24572157;633116,762;7677081,463
id9b2bf1bc-0f59-44ef-98d0-3c84015986e8;45,29651266;686756,7;7661018,58
id9b3992ee-8fdf-4353-aa65-5d1cd19a0c40;21,52516042;645542;7689481
id9b4edc5d-8f8d-4b5f-a395-f76dab4493ff;1756,610634;632876,25;7679682,334
id9b6330b9-a7b5-4dfd-9d92-5cbc108c6e2f;11,07236552;653850;7671794
id9b7c3a89-07f6-490f-92b0-c5b76fff40f0;1741,00001;663410,501;7640473,22
id9b7fc864-bab2-4987-8b4f-52b08dc871b3;42,57347367;686751,38;7660561,8
id9bfbf174-e98f-4777-b0ed-719059d828f3;487,581045;647186,507;7667666,506
id9c85df65-4e25-40ee-8852-11cfd12fda22;45,55832475;640847;7695393
id9c8795b0-eb0e-4072-94c3-f50e6d79aa10;11,12896738;642164;7676992,98
id9cdff910-4166-4721-9257-8a54416a9c6a;17,76533226;645244;7689818
id9d251f6f-74b0-4c10-9a94-4b08f70c74c4;25,61484609;639759;7691271
id9d68aaa1-351d-42b0-a47f-a6a8165e978b;15,16732539;675688,294;7661302,062
id9dfa6559-c012-4352-8a82-f92833e690d1;13,34340983;645379;7687404
id9e0fbda0-3ca5-41cc-8e28-fe402634cf01;253,6131709;658566;7663307
id9eb79043-98a2-42fb-9e25-ace57bfc1977;19,18491145;633385;7677029
id9ee65c21-0e08-495a-bf69-f0f03453b9a6;9,989527493;648235,906;7668093,399
id9f701c15-3c78-4901-b5ce-b2b44cade804;28,87298717;683092,69;7646077,4
id9fcd1ab9-6685-43e6-bd68-9314f7b1b622;14,19920182;651542;7661321
ida0079c3e-9e88-418c-8670-f0143ad4c1d5;7,396376355;658020,888;7653136,52
ida02e4741-fa1d-44f6-8b37-98835120a073;102,5374359;686777,42;7660259,89
ida0b1bb1c-fad7-41f5-847d-71da3a02a74d;6070,953109;695474,095;7625876,174
ida1aa91e7-4818-4ab4-a847-53cf726ed9fd;1216,612935;639146,28;7669541,5
ida1e2e51a-9d56-4113-9341-4927c9ff6940;17,09742675;647876,523;7667847,138
ida279d51b-5255-482c-a1f5-98db4faae450;15,23734633;683501,81;7645095,5
ida283475d-49d6-4775-9dc3-646132b53d77;48,31282816;641951;7677635
ida2be5c53-b98e-46b4-85ce-cec7e1a43123;48,16957534;647555,772;7655599,596
ida2c24d19-8e26-4f0c-a3ed-6071abea6c01;926,6275322;649287,364;7666986,277
ida3216fb6-fab2-4430-bca4-6491ba301161;35,34395822;674037,401;7664838,113
ida32511d0-b689-4a60-865b-fdacb436c6d5;16,0712144;647957,9;7667471,08
ida32b898a-3eeb-4f87-8892-0986b4881658;37,15066654;639235;7696023
ida38192be-682a-4a9d-b5eb-867d9bdea314;19,74946814;685718;7662034
ida3846ff3-aa5b-495f-867c-e8523a593f6e;11,91831498;642315;7671869
ida3bc6f13-8ea4-4585-9e9d-b242f81b5c9e;22,13225845;648115;7667250
ida45cd97a-a598-4312-bd25-34db7c9b25a2;110,225199;633755;7675463
ida4be75f6-7a40-485c-8864-86645fe00b2f;22,62617144;686840,3;7660749,44
ida4df9e0d-a36e-455c-b8d4-2c5b52997704;54,46171628;656200,179;7648708,168
ida5295e11-7079-41a4-8392-35aebf5ce560;19,45636688;648118,41;7667684,19
ida550c203-9b11-45cf-b412-816d66563aef;15,16746672;648013,15;7667499,372
ida56203dd-5e9a-4730-99d3-e10e08d124e5;38,19278067;640512,234;7669360,026
ida5624613-8335-498f-8a44-bb409b42b6fc;9,431766136;645574,96;7689439,865
ida5a5a9f3-ddad-4eda-878e-a9bc8bb59a7e;13,36166448;647942,218;7667444,317
ida6a64db8-9788-4ea2-8ec0-c256a6fce0ee;395,4768447;640002;7687018
ida6e81fd9-b134-415d-9f0e-139087ef0144;824,8377595;660385;7656645
ida728aa18-2b36-4330-b029-1c06ff1b66f4;22,2393584;658699,858;7672880,142
ida73f922d-eff2-4280-923c-b73c24b4659b;16,38383937;648114,405;7667328,23
ida7b431b6-a86e-41ac-8944-6f11068591e5;270,7108867;645501;7684223
ida826b694-71de-473b-aecd-575169c8636d;17,29979576;683090,799;7661711,226
ida8e413e9-52de-46d6-9c8a-fdf07fcf9fcb;37,46439336;676244;7661777
ida8f35840-0e2e-46c4-8130-cdfc49295d13;88,15868915;680885,24;7654165,38
ida924a02f-d9e2-42eb-9656-6ec3743e9eef;231,1485906;631072,33;7684181,17
ida933602d-1fed-49f5-8aa1-ea29b717b9f5;985,6376902;652535,48;7656964,761
idaa446dec-a5c1-4ba5-866b-c16f0f366a37;51,07691557;678369;7658874
idaa9ec386-ee61-4dad-8a1c-5eb0ec8ed34f;28,93336887;639531,384;7694104,579
idaaac60be-4046-4066-b6c9-f6a553e2addc;218,6655468;685337;7662022
idaac1f909-b15c-4a38-819e-3cf7951ec8a0;11826,86055;707879,2589;7654890,462
idaacc3b14-ad0d-46c3-93a0-403483838658;46,97859428;639222;7697106
idab6e7093-af8f-4ea3-8cbe-0f3ce6c0896f;92,97457879;685589,158;7661993
idab8906e0-9fab-45d7-b0f2-d815e9080711;86,00697032;681852;7650138
idabc5fc64-6487-47c6-8714-e512cfca8ba1;26,99215795;639342;7696404
idabd805ec-4f27-491d-81ec-689723b47413;35,9704081;683800;7663708,22
idabdb0275-380f-4c30-8aad-903788d75c45;446,055236;632535;7676996
idac096256-07c2-455d-b69d-792443beb677;15,54487283;636545;7684401
idac14da18-ee79-4b9d-860e-cfb545817387;79,11103834;681709,591;7652314,478
idac5fa4e9-9644-423e-93d9-47d0a40f677c;14,97200703;646921,001;7675556
idac722d54-97a6-42c1-b7d5-1546725cd5ae;22,08247602;681633;7663986
idac894739-12e8-4772-a163-a0c90e8c8954;17,97186691;647833,895;7667294,164
idacb23ea0-0463-4332-9073-ee982b4649e9;82,69902877;645619,09;7662660,95
idacbb85cb-7d98-4dfa-9592-2ccf20c35899;21,67718143;645049;7674794
idad84087a-7710-429d-b46f-e0d185b9de29;13,79293875;684711;7659526
idadb40ab7-1439-4109-a467-4aa9ded38208;188,9942046;681196;7652631
idae8a949a-3bca-487d-8e0f-2f710f9cc920;10,59673306;645634;7687479
idaf43976c-44ff-4ecb-b1b6-ebdc339df8d7;21,01362169;647938,05;7667293,11
idaf44ee45-d2e0-4f82-90b6-eaf36a06f673;12306,12776;681960;7624466
idaf5cdb04-97aa-4bcc-9c69-8d621e452214;652,3691762;668167,843;7661181,029
idaf88739f-7647-497d-9a2b-73c5e6eaf5e0;15,55958308;647918,95;7667778,67
idafc7e2a8-03d1-4a22-a2dc-0d10b92b22b3;14,77579606;647871;7667518
idaff4e394-ac09-465e-9d0e-ff3edc7c8d0a;8,388163968;659928,88;7674515,77
idafffb33d-b407-4462-9882-72930c9b040b;1705,169113;633097;7673969
idb00178f3-f732-4f4d-bafe-a616284abd58;1046,922129;647072,851;7668721,967
idb09c7915-cc40-4acd-8b7b-fdd64570554d;15,86325807;648256,32;7667851,3
idb0cb8ff9-73ee-4129-ad9c-c2beb726b295;42,25157466;686756;7660594
idb0e90f68-baba-490b-9514-7298de712598;1415,489578;632880,627;7674411,755
idb0f8e50f-02e9-4d58-86b3-c26fc3c6304e;46,91600204;683157,264;7661673,398
idb1465098-d480-4351-bc85-b60fc6b1767d;34,85154119;673900;7665645
idb15314f2-b66e-402a-b8f9-2954dc9e5726;1763,966344;663328,063;7640585,396
idb16644b5-930f-43de-8f81-4c457f313f25;90,65054798;679268;7663578
idb18bde60-f5af-4b61-9483-63b6f224c302;4067,274383;673092;7656840
idb1c05931-9f69-4775-b408-f6d05d5ba972;3739,516611;673162,749;7657384,544
idb2aa249c-de7b-4ef0-9af8-2f7947e23789;29,11944588;686675,687;7659660,625
idb2c81349-7653-43eb-977a-729e244b130c;17,29496419;664253,926;7669880,006
idb2d4571e-cfe5-4c32-ad78-b174090da00e;21,87800337;664465,453;7669548,533
idb3a1c313-8e91-4c33-ad85-2f071f7b8df9;59,48962028;677133;7662744
idb3f1dd17-390d-46b4-8397-cb1d1314df71;13,04710372;681679,05;7663982,66
idb421c331-69cb-4f82-baf9-dd8710df4fe3;260,3853724;690366,654;7635041,769
idb444404b-2115-473c-af12-4995f3d4ae7d;10,45687942;648234,676;7668082,682
idb4c8c71e-8b36-413b-b76a-dd75be3c7bc4;27,88393984;639121;7685569
idb50a0c45-c3a2-403b-844a-b4046fa7ca09;74,08568921;633504,335;7678108,034
idb5549801-2a6c-4021-9a5a-ab05ffd6c727;61,46979693;683274,968;7660817,387
idb587f964-f7b0-45e7-bee2-bf68e54798fb;1575,515012;655892;7664518
idb5f7b792-9d0b-49d6-9ef0-610f3862bc95;233,7835419;664788,425;7641134,754
idb5ff6ee0-1035-489f-b03c-f53d559560ca;47,91939146;658875,81;7673079,112
idb626ee79-40da-4ea3-8d24-15978650cc1b;34,53128949;673906;7665017
idb64f99e9-12e2-4823-82a7-68c8c031e922;30,49837671;686688,91;7659703,64
idb66ce51e-adb1-40d5-9460-46e029140f06;1617,388342;657216,615;7665207,4
idb69a73e1-a76e-4bfa-8a5f-bcdac66d53e4;188,395531;633437,798;7678217,285
idb6af80b4-eb2d-45be-b496-48377c3088b1;17,88591709;648255;7667537
idb717ea8f-077f-4613-b3ed-c3f818c842ba;50,36417205;686777,684;7660402,068
idb71f613c-cc39-4efd-8d98-5aa82efa4f1f;16,01541868;647731,89;7667580
idb754e65d-0720-4480-b26c-be7fd669fa9b;63,86207766;658809;7672860
idb7557f5c-d6f5-4da0-82b4-e04581e8878e;123,5921341;687533,867;7647218,937
idb87715c0-ea74-466b-8c47-8296b67323d3;1764,123072;661383;7656685
idb8a83551-71f7-4d32-a37c-e0a744ffae56;120,0621052;664874,354;7641213,892
idb8f19263-8771-4e8b-b931-54e0d9e264e9;21,14294478;648042,07;7667740,46
idb9b144a4-9aaa-43ba-849c-8e07ea0a7dcb;16,6223965;647844,616;7667327,209
idb9b99920-1de9-4f79-968d-67e0f4852754;21,00543404;648240;7667405
idb9c0648a-8612-4989-a4a4-2b6d513ffb54;82,34272033;633788,92;7675727,8
idb9c5ed20-6a95-4364-9eb1-ac8c9a9d33bf;30,39433485;639278;7697432
idb9c70adf-0bd5-44c8-930c-c4292ae373db;21,47886028;645645;7686437
idba2847a1-28df-4997-8b7e-2afdd1c9a54f;32,5548013;639594;7694341
idbac92c8e-db43-43cb-aaec-e623c462f0cc;11095,15506;700879;7639993
idbacb565a-8440-4edd-aaa1-6394e08082d7;30,25449063;683123;7661696
idbb0f8d88-e0f7-451c-8bf8-3f0f015ad53b;36,0045585;645645,559;7687371,349
idbb41f87e-02c1-4288-9aa1-5f466cef712f;73,85798319;654408,185;7670857,819
idbb6c9cc3-6570-4d20-b8b8-e8782f206480;20,61418648;647734;7667336,2
idbbac3cf0-db1f-4e7c-8e70-a727dcaae64c;20,81251357;677348;7663470
idbbc71f68-5d43-49f3-9397-17a9d0554445;9,800467391;642587;7674705
idbbe8bf4e-28b7-48dc-be12-08c88ce57503;22,19859635;647830,508;7667615,309
idbc450a2e-7dc2-4ba1-8851-4ea2b4f0ba26;34,54839983;686727,47;7660173,43
idbc47a943-75c0-41a4-8bc2-54802fc124dc;376,0365629;673558,433;7661816,177
idbc4e83d3-9e4b-4fc4-8c26-706905ea7c4e;1636,849134;646926,69;7652837,631
idbc60c462-0e4c-4ccc-af97-93116c6dd705;15,43659834;647892,88;7667585,21
idbc715c51-d7cf-46e8-ace5-1f6e9c9435ec;17,51508494;654533,456;7671735,277
idbc7ba23c-6672-4409-8403-4ca3be7df184;27,46042578;639703;7693637
idbc8ef852-0d52-4856-b1ff-839f9c56c723;17,89041494;648579,022;7657006,428
idbcb7786a-1c0b-4d51-848c-6d4139fb3933;1465,071152;655817,71;7664164,471
idbcd6aad8-8997-434b-a3dc-84638db73cf6;30,6795228;686681,51;7659892,94
idbce5cc13-98a1-4f04-a564-01cec4ee8fbb;194,1036901;685935;7658544
idbd244660-c263-4025-8d99-bd8913f1aecd;89,62197237;679705;7663520
idbdb624b6-9996-4359-8f74-c59e336f6fe4;886,6212981;647101,089;7668483,937
idbe5e76aa-7850-4463-b4cb-ff453acc6cda;2058,046851;637507;7668752
idbe5eacaf-ce07-4e18-9760-b71160464c91;62,94985568;647953,634;7667878,726
idbe65767d-0e97-41cb-88b4-452edfd951f4;13,13711799;686656,27;7660288,132
idbefd4c80-aa0f-42d8-94ef-bff0e7ab8bbe;1340,255044;632380,035;7675757,117
idbf21c48a-75e0-4a88-99d0-3862094d5d66;1267,335606;650219;7665752
idbf82c586-a6a5-4203-aaeb-be2e402eb130;27,82248785;647991,3;7667347,84
idbfcdb11c-e721-49c2-bb95-08ad85b72078;24,67233136;653557,85;7672133,05
idbfd0ef34-4673-46c7-ae7d-70f112d92d8d;61,0289817;658761,351;7672952,89
idbfd55f0c-1cd4-4732-b08f-cf9d3c20d60e;92,60258328;680892;7653590
idc029e8fc-372d-45d3-9341-60a62fa808be;32,63634741;665749;7659581
idc0ef008a-96bc-4cd8-b1dd-1b81e40fd480;210,5701839;681976;7651763
idc1173512-5a1d-4a7d-a798-740235e7e56b;192,1734561;641023;7675620
idc14aeb45-be7d-4886-9a5a-811ffeb8a95e;37,83364081;677404,48;7663364,26
idc14bc15c-57ac-4936-8543-3a5099d1af31;1357,73811;632011;7676058
idc15d5a03-07c9-47ea-aeef-5cded7da5d58;26,99069672;679773,0465;7663814,142
idc1697513-2ea8-4285-8e7d-f567f6c9cb0a;169,5993762;658991;7672708
idc1d990aa-7163-4700-b111-4533aed26e09;3594,060239;668788,24;7644505,844
idc2016d83-036b-4053-a1c0-42a6b15e8ed2;41,27221776;640074;7698078
idc242a594-8b9f-4b99-a6e6-5af892c99649;20,89103688;633740,35;7676982,49
idc2451650-0c86-4166-b761-deecd9027690;137,6699883;679133,88;7657727,59
idc25613d3-e309-4046-bd26-839234c52a96;101,2840059;679031;7660087
idc26db7b4-9afe-4b33-855c-1597633727ec;235,6240011;633474,85;7675607,57
idc2b3cb1a-ae0f-46ce-ba13-86cc282b49dd;1005,378222;688832,524;7646644,762
idc2e0aae8-223a-4eb8-a23c-501b5ab46aac;684,6591104;669066,903;7661780,336
idc3225e8f-7a31-4637-ae49-8522bf62391c;28,93532987;642625;7674680
idc5a96c91-3024-4a3b-b305-485e4a5be4ae;180,4039568;659250;7672496
idc5c9c3f3-9db5-42ff-834b-696297f04c53;12,75895492;648080,35;7667586,22
idc61de8f5-f1a3-4862-87b5-fa1db6075367;863,7801053;635440,426;7686577,179
idc63dbc2d-7a7c-4aae-9600-c60acee52e73;1395,004379;631862;7676175
idc65307af-a734-430a-bff6-932ebdfec68e;102,530432;652682,94;7670888
idc667be64-cf87-412e-ac7e-0d00368fa91e;69,9633547;684848,967;7662820,495
idc6b4b5bd-bce6-444b-9030-f49847e53ee6;4007,23289;693382;7627211
idc6cc879f-9527-4218-a773-e09f10021d8a;1349,521103;650272,2741;7665817,036
idc6feb659-7122-4a7b-9b94-9b1eeec1840e;11,01742283;639424;7694587
idc70adb05-b9e0-4991-9440-8ea7a54e6558;16,88841921;648077,05;7667353,88
idc786c8e6-ca9f-4a4a-8839-bc5b4f4cdf91;322,8729866;645346;7679563
idc7ba207c-a956-4cda-8616-7764d5863669;63,7079479;639269;7696576
idc7e10c74-da5d-42d3-8eb1-dc31a4e6b96e;27,61536503;652778;7671157
idc8404206-8d5f-483f-9c66-a93520f352dc;73,32715166;671038;7662651
idc86aeb1a-a856-45ea-a807-c1a2ab05b775;172,2939343;668409,25;7659056,021
idc8bd797a-ce92-4f17-9d67-e39ad41ccd2d;16639,2718;705806,06;7642787,04
idc942add4-0030-4c13-9ce6-f05619e70f96;9,116135941;634089;7676140
idc9d36e08-9303-47d5-aa1e-f1ce62a3b73d;38,52151939;686693,89;7660021,767
idca315d2c-71a3-45c8-b823-3b763f36b90d;19,56425078;647782,002;7667316,049
idcae16bf9-b923-4009-8e3f-4118e14ec7a3;15,77347517;648176,8;7667421,07
idcb01a7d0-8033-4805-b5a1-e990396faab5;34,51190597;658429,502;7672772,259
idcb9661d9-e69c-478e-be28-2643cdc30cd5;997,1903288;633058,331;7674803,464
idcbcf3602-a2ff-4969-b8e2-91ce618ecbef;80,96496762;681736;7652211
idcbf3af5e-4c65-4332-84f7-17643678bb36;17,16338011;647979,36;7667561,606
idcc59f6d7-5cab-42ca-971d-2ec2f40d3b16;45,09554409;639325,523;7697348,651
idcc5c8d65-df7d-47ae-907c-5faa7ede0232;1389,793337;632786;7674520
idccf46dca-ec84-4412-9565-1d686fd14d59;11,10822069;648290,57;7667805,27
idcd3d67c0-dcce-4dac-b155-8ba8f789643a;32,92574144;639252;7697375
idcd629760-bd5b-4083-a755-70cf8d0928ad;28,97453621;639766;7692288
idcdd2845d-9e39-4333-9fcf-4e14958e61e8;62,33162106;686728;7660541
idcddbece0-78ee-4bc1-ac6e-5a6884d1c4a8;1388,131503;638967,567;7669233,06
idcde07caf-ae71-4f27-943f-b6e1847a6544;22,11857735;657608;7673358
idcdf867cf-6a13-4c75-bbc5-67715b3e5ffb;132,737503;662803,163;7660323,827
idcdffefef-7d2a-4495-abf6-f24633866afd;20,23858719;681457,28;7664005,56
idce31f5b2-076c-4330-a6c1-e232737e45ec;16,15570213;647958;7667314
idce3e42e3-fff1-4303-b4e1-cb299d0db296;2216,7699;653704,94;7653197,16
idceae4929-5c71-4f82-94df-d52c8c90a770;11,89466252;648033,56;7667891,52
idcec629fb-f319-457d-a7cd-db41737d8ee0;15,04429883;677283;7663499
idcf370ab0-0f8b-4868-866a-4fd9e4364b52;79,37751404;664028,203;7669913,714
idcf7b3661-46b9-4295-8d0e-1adbe42aad60;19,67438164;648132,608;7667665,082
idcf8bbc47-140c-4e0a-825f-464d94fc9a9c;206,187874;685402;7661989
idcf901ca9-d1cc-42d0-83c6-462b263562c7;163,7893192;633690;7677776
idcfa7a98b-07da-45f6-8d6c-aa4970710268;8,588190459;680583;7663159
idcfde051b-0827-4803-981e-cfbb6ce6fd4b;26,42017083;664870,138;7659606,605
idcffb314f-20e4-4e91-b071-5f8311319a0b;15,15807276;648253,84;7667422,44
idd03a9239-991c-4371-95dc-f807d7a2f718;15,80143555;647828,02;7667563,01
idd09f9193-38a6-4286-b54a-5a8b74206291;12,26813768;640100;7698126
idd0be957f-b64b-47a9-924d-d4528b91e26f;737,0956794;659661;7672895
idd14d150e-af27-4787-b56d-21346b9bcbcf;40,58248794;658735;7672719
idd1788012-daf5-4078-a796-e8b22fc3b8df;23,41407782;654300,656;7661650,056
idd18249d1-7436-4adc-a1f3-d3a3c91e4d90;28,07228857;642584;7674680
idd1949509-1617-4557-8221-c918c9d1f585;321,8946429;660099,984;7672260,129
idd196ea16-e446-45ca-90c5-20f082de9b98;2190,538536;652481,622;7665692,963
idd1c01ded-9221-4dbf-80f9-c2c0ce76bb51;23,67916687;640755;7679765,02
idd209722d-f5dd-453e-aed3-3affac1adb7b;18,06744121;640063;7698143
idd24a661e-bae3-4d57-b087-adfea41daa54;25,4866582;657029,15;7655522,99
idd25c9018-8071-4a0b-8ce0-bdd029484a01;23,77439749;647973,821;7667759,371
idd2f5b087-3f1a-4b33-a9fd-49013af3f1b2;30,82461099;682927,34;7646666,51
idd3d2dbef-9c25-4e9a-aca3-d1c6e86d402f;34,1292793;655952,722;7657847,488
idd3f5068a-506c-4d9d-a624-d3b0d816b232;33,59018752;647851,23;7667740,68
idd5275c5b-247b-458a-a5b1-481f2259bae9;18,87321834;663739;7670107
idd5347cea-ab00-4e11-83b2-9847f0b77e4b;13,98067537;664353,406;7669829,579
idd53ed023-773c-435a-844b-4fd5d54f00a2;1220,585508;655168,863;7664570,92
idd59702b1-c181-458c-a7ee-d522af4e1345;52,36776269;646993;7658622
idd5b6388f-cf38-4303-900c-d76000083889;21,07240156;658350;7652122
idd63af33e-2940-445e-811f-90f27dfcf5b2;20,08782928;648248,958;7667491,42
idd70f9115-89d5-4924-a08b-961e5c10904b;16,8782396;644799;7689994
idd71671c8-6820-45cf-8c59-6333f71e788d;947,9560121;650235,425;7665364,628
idd81017cf-036d-4cb3-99cd-d631a50b487e;21,74593857;644321,821;7663939,315
idd84a3618-8fef-4ff7-bdd7-cc6b5e514580;10,71471641;656458;7659310
idd85948c6-0fa5-4b3b-8b3b-81caa3450f17;23,29527504;647779,18;7667735,06
idd86f91af-d7cb-4f0a-b7f1-563868a94d92;333,1663707;657798,603;7663858,331
idd8769d09-a0ec-4097-8f15-fed9ad3ca5a0;16,14010367;647912,02;7667564,08
idd8b92754-21a4-4124-9f79-c83f4da28511;17,33247062;647893,36;7667307,28
idd9770940-5966-4012-8d6e-7f82c628cd52;11,87574595;648288,21;7667833,16
idd9900207-c0e4-41c8-86ec-16a70998e769;39,63841015;656165;7648155
idd9b61834-c760-4bbd-bb44-a3be88a62d4e;121,9103281;670333,35;7660376,43
idda55e1d8-d358-4eb1-bfb4-793e0b09d85d;18,61230833;648318,088;7667456,574
idda897b88-6062-46ed-8bd9-61ac95d462c3;21,74636786;664293;7669695
iddadb62af-6ab1-40f6-9532-318696af4d15;62,33152431;690067;7636764
iddae3a11f-314f-42fb-afb3-eae928513293;2158,791537;632009,231;7688161,498
iddb1ab8ce-d689-4abe-966e-7a73c7c8706c;54,14453071;639692,045;7694429,562
iddb55e21a-650c-4fd1-8fef-165ad4a1c020;282,3139477;673622;7665946
iddb72e7f6-b0f6-4e69-a4f8-d4e6f9ecf1c6;509,8595807;660086,163;7657237,343
iddc165272-a7b7-4e9d-92b1-7167c0003005;17,19671375;679951,438;7663778,46
iddc6ed217-9c50-48ae-85ca-c937ff1c19ab;19,85783782;647809,68;7667302,47
iddc87d073-1dd0-40f3-b7e6-f0710d1d7e61;181,7321561;632989,626;7676813,697
iddc9dcd77-80d2-4917-9741-d371b951abbb;18,08857576;648199,698;7667911,55
iddd1bc25b-596c-4636-98ae-31a6a276f28f;13,35329024;648278,834;7667386,253
idddae2c37-1f76-4119-906f-52581aa459bd;30,08136458;648175,92;7667643,55
idddaed267-5d5b-44a2-ae98-dd44f17a4f72;698,7138911;639883;7668811
idddb9a045-e3db-47ae-aad4-b8febe087a5c;41,62881401;686357;7658944
idde2df230-8024-46d6-82f0-194e919afbdb;25,72986086;648149,693;7667931,908
idde6edbb2-b041-4486-aa16-2db31f5fd5dc;14,76393308;645129;7663489,07
iddf004bc1-14aa-486e-871e-d186615e8d0d;11947,35438;697604;7620352
iddf075c86-f3a3-4730-8612-80f890a98609;11,02829902;644590,87;7674902,02
iddf25751f-3887-4f25-ad41-69072ec96285;19,42715815;648390,39;7667505,1
iddf531c92-865e-4cf1-a7ef-66f7eca54b34;26,23295186;647219;7658579
iddfce071a-2b85-48da-85b1-1c3864a49831;13,62102966;648102,111;7667933,665
iddfd11e47-520b-4743-9bfd-f82d4a023ce5;26,55794109;647964,931;7667357,344
iddff07b31-1e41-4742-915d-49e5e78c9d04;18,90809196;648185,864;7667959,56
ide0eec5e0-39a8-4115-aae6-f963fad7bf34;1942,269769;633242,442;7687980,248
ide108352a-59f9-46e9-925d-a7c66d1dd42d;15,86544773;648147,97;7667645,04
ide1165e4a-c65c-4572-ad21-79d25141784a;24,97211541;639787;7691998
ide15b2e98-76b2-4285-bca6-7f4ed3568bb8;25,06302536;664945;7669598
ide15f4e2a-afa1-44a9-91d2-2c34b5dfa2e5;53,90409309;681550;7662659
ide1adbfec-4fe0-4613-b46e-1e248973fae8;13,61066083;640563;7694156
ide1daf743-9608-471e-ad9d-dc8dcb478202;429,4655341;652833;7661579
ide2350852-3354-4a3c-a1bd-7e40fec3deef;2986,980382;684178;7654899
ide246e764-e316-4d09-9287-3d8c10882f5c;752,4268283;669098,795;7661881,357
ide267a8ff-2ae0-4c92-a553-5b84bb358e03;457,5781456;633221,005;7678407,246
ide3005c93-870e-453f-aefc-4083a47198ea;5263,926984;701382,253;7655856,165
ide35a2a95-3434-44ef-b7bd-f3a6f74d28b3;27,87387053;639783;7693234
ide367ac1b-cc9a-4c53-b939-866999afde59;21,82475963;647852,38;7667591,94
ide3bfc0f0-85e3-4f89-80d9-8045e31e94d2;93,73843725;646441;7686951
ide498040a-575c-4686-ab98-5813281a22cf;41,20283814;664245;7669788
ide4d732da-4844-4885-99a1-809df076c684;53,12570844;686723,09;7660299,07
ide4e005ca-14ee-490a-b634-91a73a4bf143;14,56093803;647876,751;7667777,981
ide4e1712c-11bc-434f-90d5-37cc06e6348d;416,73412;643582;7658702
ide5e02f93-8db4-42f2-81d0-058262c25f55;16,01574396;648118,728;7667886,815
ide5f8e293-a2df-4e3f-b57d-42577c682008;229,6119761;639801,126;7697626,629
ide6183143-23bc-4495-8dcb-e0ec87b80b04;574,0438003;632797;7676461
ide6309b4d-999d-4eff-9e30-d181153288df;1287,484819;668230,133;7661945,961
ide650268d-0943-4226-9c07-8efe14442406;19,19985385;675767;7661297
ide67281cb-1f1d-4016-86a5-eb7175e2bd93;10,86978388;641062,121;7693436,495
ide6a971a2-18c5-44dd-b2cf-32ed5815115e;23,72900674;679451;7656812
ide6acabd4-7f31-4468-8aff-73204ceae38d;21,33736464;664488,362;7669703,448
ide6f87298-7d5e-4e7a-80db-27f970f91b3c;6,850715755;649875,138;7673636,973
ide7739eb3-19cb-48de-a446-d7eb9939f50b;29,38081665;644577;7674861
ide848dfb2-5ae7-4ae7-840d-97af1002dd14;31,55411402;641377;7693202
ide8643d32-de0b-482f-bea3-a92a12db1a3d;158,3045723;656371;7657238
ide90918a3-b376-43d1-a70c-eb2705419c93;296,672739;637588,228;7664997,243
ide9c2e602-9e8b-47b0-a3ea-ce6f0bdb5675;1323,749226;632724;7674674
idea089048-420e-4ba3-977e-cb0c8938e510;105,3121386;647691;7655361
idea527f6a-6561-441a-ac14-9e128a98430a;22,46960289;648161,9;7667433,12
ideac97423-5c42-4c91-9555-0f81f98f98d9;25,22600398;681054,13;7652470,49
ideafb2e71-09a7-4af4-93cc-26c85e8985e1;69,23663823;640185;7698241
ideb16e2a1-2a4f-4650-b05c-7f1d7baa8641;16,33350911;648274,45;7667344,69
ideb2fa754-8ac3-4719-b4a2-956aca6f8ce7;17,9412655;647993,43;7667545,73
ideb453def-eecc-425d-a0c0-10653bf609c4;47,00866802;685292,89;7658812,93
ideb7e0562-a661-464f-8c5a-305331e9cf29;155,7230821;666604,306;7659374,761
idebafe074-b865-4758-b601-b85473d9b963;21,10029719;633577,425;7676924,556
idebd34790-c7b3-49c6-a8e6-157edc8093a7;40,23322374;689928;7657646
idebe41639-439f-424b-b88d-8b75d3358eed;38,79656169;678047;7663021
idebeeb121-f329-4008-bd20-0e9424eb06e7;15,09116154;647792,38;7667731,59
idebf7a15f-4c00-4827-8264-a44c2aea4940;20,61899849;648172,36;7667990,15
idec298fcb-c8e7-4969-85b3-19ac553736ce;30,59749805;639773;7692083
idec4c30c2-a20b-47d7-be3b-7674c79e5dc4;225,5304248;647943,416;7655029,476
idec94ddbd-bbe0-4ae1-a9fa-bfc8a43af816;76,60952276;656245,389;7648171,379
idecba7b72-2a02-455a-944d-980bea976258;8,388833037;648108,49;7667507,78
idecebc2bc-ef2c-41a0-bf48-ba2025199ba4;28,94347656;648006;7667775
ided379aa0-2335-4ae1-a614-d2629db1f694;26,03181381;644940;7689896
ided5b55ee-e374-4d58-856d-82db46affcfb;12,0751369;648055,585;7667356,6
ided92cf81-d08f-4c9d-ba16-cdf50cd69f7f;68,73523878;680226;7663391
idee54b1e9-37ac-4b13-a977-94550a9a2584;100,4712709;673993,386;7662441,82
idee884242-d327-47a4-a371-4f6448cc01a1;34,0841384;644335;7669478
idee8ab181-7eb6-41b9-9473-89b320ee1676;40,30902871;650628,521;7674347,801
idee9ba772-6ed6-4853-bfe2-83122301c696;15,64085802;648284,46;7667780,56
ideec4f25c-a132-4b33-bc09-fb10e39a2afe;1023,052859;633358;7681862
ideee1d381-33b1-4711-be9a-1a98d064980c;1158,622472;633995,637;7680783,373
ideef15dce-4d24-4c00-981e-b53789a8339b;12,41865001;673877;7665717
idef7e4f26-1ad4-4f11-a088-aebe07c5288c;20,13817143;686686,35;7659801,94
idefc60b45-aa08-4cdd-b554-2c1b2df4a74e;24,80783821;682934,76;7646575,25
idefd29445-132c-4ab6-8019-210616657f8c;21,4718053;674209;7664331
idefebf334-d6ae-4bd1-9db6-f3cea8822c08;14,69065357;648099,731;7667969,981
idefee6801-ad35-4955-a03b-3c64ee4198d5;868,7323197;654927;7664205
idf029edc2-ce3b-4236-9dab-a82d4be504ff;232,5483633;673740;7661790
idf03a8f10-a84d-4868-b835-db11d3439e2f;36,76456765;652525,587;7671120,705
idf075255d-e6d4-4d65-8016-838602ca71f2;1060,447393;639317,834;7669115,164
idf085a152-2f6d-433b-a56f-dd045ad92fbc;16,57011143;647817;7667410
idf0a79d99-1be3-42e9-9672-6ffa9b0da7f7;34,56886204;648213,8;7667320,041
idf0b0927e-604a-460d-8d1a-c3ea4af75244;44,77993767;655030;7671946
idf0fd6317-8790-4ac1-838d-e6dab3bf4185;22,25210615;639739,591;7693691,313
idf1068c56-4b7a-4a6a-8f12-49cf490394cb;1317,16429;668166,724;7661954,537
idf13e51b9-68f3-4210-b494-957df9573a7d;27,78044413;686541;7657634
idf1533e9e-844e-48f6-99fd-8f8819b30d53;27,56373159;652093;7659777
idf1987da1-f017-40e6-a38f-8c467364753d;838,988352;660449;7656797
idf1fdc6d9-c5ce-48af-b2f8-f70ae69c5df6;1891,505538;663209,236;7640538,595
idf207ef5d-780f-48b1-bef1-2b5aaaef1f90;40,2284286;680427,42;7653462,18
idf22ecafe-d40f-4bef-b819-f322a66b71dc;11,97231338;637273,893;7683870,513
idf2514dc4-7bca-48ef-8942-4c0e68c28181;335,3205779;637619;7665092
idf25cee1e-55a5-4d90-80fa-901a45a3dc48;1508,68805;655606;7663874
idf2773560-3460-4e18-b4dd-c64648dc6b9b;90,35819753;676155,79;7662000,91
idf282db7f-0d70-4629-b909-dc856d7d8cd2;11,92588733;680202;7654228
idf2a31fc8-d6cd-49c6-aab2-0ab401091663;36,93305638;683438;7663737
idf2b0c925-2547-4f6c-97ce-39b2876572bc;160,5145955;632925,929;7676855,042
idf3495196-064d-4fef-9bec-5b0d9bba1070;15,53981477;649847,445;7673591,347
idf3e44906-0d96-4f50-ab95-3bff863f476e;38,63057612;681793,138;7651735,792
idf4847439-1335-410f-976b-91f4b80533f4;9,074170886;678028,26;7658812,14
idf5226ca0-a98b-4259-bb0f-ce371b38aea7;42,36193657;639501;7690271
idf526f848-ffd2-4cb4-9cf2-adad8631610c;17,03318523;648207,73;7667894,821
idf5367fa6-cd6b-4b4a-8437-a3c897a1f200;828,9307775;659789;7673030
idf5735442-d411-4fb8-a82b-48c9b842f6fa;10,75671853;648024,424;7667195,122
idf596fe39-83a1-464e-988a-01806f0b4703;18,16511929;648160,83;7668032,64
idf5994972-ebd6-40e3-969b-bb2df8a62cff;1392,648172;650285,385;7665858,815
idf5a1b5bf-cc06-430a-9fe0-e7620e498279;3383,656656;668695,703;7644207,376
idf5b4134d-9922-4b16-a09d-91fea11862d7;18,65539878;648234,99;7667445,47
idf5db6533-3937-4739-9fce-4614a8136e8d;21,23994112;645546;7686423
idf634d331-6223-421c-a45b-fbc8803f4751;15,1393965;647749;7667462
idf66571c8-8daa-43b6-a01e-ef45b399968f;94,17462015;659461,86;7674207,42
idf7112be6-8bef-4f84-993c-fa6f0134ec6f;16,18216044;648047,73;7667672,65
idf74ebf31-1974-4a45-aa62-ef4f3f46d6f9;97,49824889;634091,19;7675791,692
idf7875c61-a9f1-4339-97cd-69f7f1e84710;32,43282012;648415,896;7667498,07
idf7b39754-9025-4b88-bd71-903492633a53;71,26600285;654471,35;7670852,21
idf7d55c68-8b52-494d-855e-4ff8a76a6221;164,6572725;639228,663;7679490,392
idf7e501e8-f11c-4222-945f-06bd31409267;19,42917039;648214,01;7667286,584
idf836d928-88a3-42a2-af6e-caf19f89f18a;299,6708993;659183,722;7673508,976
idf85f94a9-289e-486c-b554-490899559025;50,58594865;664286;7643474
idf879c843-4ed6-49f3-8188-055707ba1b8e;25,09680162;653373;7671442
idf8d84456-cfcb-4b67-a73b-93ab16b1ed35;21,79137882;672705,982;7661777,303
idf8e71088-0a95-4e89-8d7e-9a6799486010;15,68628393;648000,08;7667471,27
idf92f75b7-af12-418c-afa9-47038c515b54;1698,550194;652637,3;7665135,85
idf9d67e2b-76e0-4e81-aea3-b214c9f890eb;22,56009198;642101;7667704
idf9e79f9e-8b92-417b-84b0-4d791f1fd054;1459,058598;655292,939;7664832,286
idfa168d12-6218-4986-a2a2-858ae75794d2;1634,460391;657026,715;7665219,342
idfa37cdac-a2c8-45cf-a8bb-98d6d8a2ee2b;30,51561059;658018;7663584
idfb20ebe7-917f-49d3-87ec-f6c19efc284f;1237,494971;631897;7676411
idfb2e8223-aba7-455c-b947-e548c21ae1b2;441,1385756;633184,4;7676536,52
idfb6663c0-e2a6-464e-890f-421e60bb9b66;12,31872533;648264,77;7667826,52
idfbd93eee-c3fd-4427-9c06-df915d2a9542;12,57569146;645742;7688365
idfbf16ea9-1d2f-4b4c-8851-6577e98cf840;11,28743294;648130;7667360
idfc4939eb-6d43-4280-867c-c6a7ef9a2752;63,75159063;647964,623;7667851,501
idfc7caa0d-af78-40c8-ada6-f9a4f23ace27;28,42200652;680318,64;7663874,33
idfcbba868-e4db-43c3-8331-39a43ea2a604;49,66222636;645303;7687363
idfcbc3ead-7640-430e-9fda-b936d81a22a8;15,58948982;648212,182;7667380,673
idfd329b06-559e-4880-bfc4-96034473ef2b;17,34336551;647863,058;7667797,26
idfd333a78-2133-463b-9967-38c91c62e2af;22,7338598;647830;7667827
idfd407b74-3a2d-4ca8-8e2b-3ca03622bf17;10,40200154;665454,48;7659597,55
idfe3fc6be-6280-46fe-a6f5-32da0ed4d94f;548,1634517;658822,347;7663481,263
idfe526a39-a507-4dcb-be62-a53490737eee;66,4080709;673093;7662489
idff24699a-de42-41ee-a2a3-0ba8f0476517;185,3818284;663846,776;7644319,275
idffe94c9a-7d4d-4ab6-ad39-95238373fcb4;18,01140084;647942,503;7667491,677